ID,Age,Income,Education,Marital_Status,Total_Spending,Total_Purchases,Total_Children,Recency,NumWebVisitsMonth,Cluster_KMeans,Customer_Segment,Cluster_HAC,HAC_Segment,Cluster_GMM,GMM_Segment
5524,68,58138.0,Graduation,Single,1617,25,0,58,7,1,Premium Customers,0,Premium Customers,2,Standard Customers
4141,60,71613.0,Graduation,Together,776,21,0,26,4,2,Standard Customers,0,Premium Customers,2,Standard Customers
5324,44,58293.0,PhD,Married,422,19,1,94,5,2,Standard Customers,1,Standard Customers,2,Standard Customers
7446,58,62513.0,Master,Together,716,22,1,16,6,2,Standard Customers,1,Standard Customers,2,Standard Customers
965,54,55635.0,Graduation,Divorced,590,21,1,34,6,2,Standard Customers,1,Standard Customers,2,Standard Customers
2125,66,63033.0,Graduation,Divorced,1102,16,0,82,2,1,Premium Customers,0,Premium Customers,2,Standard Customers
4939,79,37760.0,Graduation,Together,317,13,0,20,7,0,Budget Shoppers,1,Standard Customers,2,Standard Customers
9360,43,37040.0,Graduation,Married,316,12,0,41,8,0,Budget Shoppers,2,Budget Shoppers,2,Standard Customers
5376,46,2447.0,Graduation,Married,1730,43,1,42,1,1,Premium Customers,1,Standard Customers,2,Standard Customers
1993,76,58607.0,PhD,Married,972,17,1,63,8,2,Standard Customers,1,Standard Customers,2,Standard Customers
4047,71,65324.0,PhD,Married,544,20,1,0,4,2,Standard Customers,1,Standard Customers,2,Standard Customers
1409,74,40689.0,Graduation,Together,444,20,1,69,8,2,Standard Customers,1,Standard Customers,2,Standard Customers
5255,39,51381.5,Graduation,Single,637,27,1,19,1,2,Standard Customers,1,Standard Customers,2,Standard Customers
3033,62,38620.0,Master,Together,318,11,0,56,3,0,Budget Shoppers,1,Standard Customers,2,Standard Customers
5710,55,40548.0,Graduation,Together,120,9,1,31,5,0,Budget Shoppers,1,Standard Customers,2,Standard Customers
8755,79,68657.0,Master,Married,1196,18,0,4,7,1,Premium Customers,0,Premium Customers,2,Standard Customers
4339,55,67353.0,PhD,Married,913,28,1,37,2,2,Standard Customers,1,Standard Customers,2,Standard Customers
2968,82,48948.0,PhD,Divorced,902,24,0,53,6,1,Premium Customers,1,Standard Customers,2,Standard Customers
8601,45,80011.0,Graduation,Married,1395,21,1,3,4,1,Premium Customers,0,Premium Customers,2,Standard Customers
1371,49,79941.0,Graduation,Single,984,16,0,72,1,1,Premium Customers,0,Premium Customers,2,Standard Customers
6566,71,72550.0,PhD,Married,1319,28,2,39,8,2,Standard Customers,1,Standard Customers,2,Standard Customers
8614,68,65486.0,Graduation,Widow,507,17,1,29,2,2,Standard Customers,1,Standard Customers,2,Standard Customers
4114,61,79143.0,Master,Married,1693,29,0,2,3,1,Premium Customers,0,Premium Customers,2,Standard Customers
9381,47,66373.0,Graduation,Married,606,23,2,57,3,2,Standard Customers,1,Standard Customers,2,Standard Customers
10383,59,70287.0,Graduation,Divorced,1093,21,0,30,3,1,Premium Customers,0,Premium Customers,2,Standard Customers
3076,50,66653.0,Graduation,Together,612,22,2,18,3,2,Standard Customers,1,Standard Customers,2,Standard Customers
1012,73,61823.0,Graduation,Single,884,24,1,26,7,2,Standard Customers,1,Standard Customers,2,Standard Customers
6518,74,67680.0,PhD,Widow,606,19,1,8,5,2,Standard Customers,1,Standard Customers,2,Standard Customers
4137,77,70666.0,Graduation,Together,1076,16,0,29,4,1,Premium Customers,0,Premium Customers,2,Standard Customers
4477,67,69096.0,Graduation,Together,653,18,1,4,4,2,Standard Customers,1,Standard Customers,2,Standard Customers
1357,55,74854.0,Graduation,Together,1562,19,3,90,5,2,Standard Customers,1,Standard Customers,2,Standard Customers
1402,71,66991.0,Master,Married,1253,21,0,1,3,1,Premium Customers,0,Premium Customers,2,Standard Customers
6312,66,65031.0,Graduation,Married,863,30,1,29,7,2,Standard Customers,1,Standard Customers,2,Standard Customers
8132,50,60631.0,PhD,Married,661,24,2,88,7,2,Standard Customers,1,Standard Customers,2,Standard Customers
1859,53,75251.0,Master,Married,1890,19,0,34,5,1,Premium Customers,0,Premium Customers,2,Standard Customers
7503,49,75825.0,Graduation,Single,2209,22,0,40,4,1,Premium Customers,1,Standard Customers,2,Standard Customers
1618,60,56046.0,Graduation,Together,692,21,0,9,8,2,Standard Customers,1,Standard Customers,2,Standard Customers
4119,62,38620.0,Master,Together,318,11,0,56,3,0,Budget Shoppers,1,Standard Customers,2,Standard Customers
535,38,81361.0,Graduation,Divorced,778,27,0,18,1,1,Premium Customers,0,Premium Customers,2,Standard Customers
273,55,36138.0,Master,Married,151,13,2,48,7,0,Budget Shoppers,1,Standard Customers,2,Standard Customers
8996,68,51381.5,PhD,Married,603,29,3,4,9,2,Standard Customers,1,Standard Customers,2,Standard Customers
5798,52,51381.5,Master,Together,985,15,0,87,1,1,Premium Customers,0,Premium Customers,2,Standard Customers
7247,65,47916.0,Graduation,Widow,606,22,1,72,6,2,Standard Customers,1,Standard Customers,2,Standard Customers
3037,42,50150.0,PhD,Married,410,16,0,32,5,2,Standard Customers,1,Standard Customers,2,Standard Customers
4518,46,85693.0,Graduation,Together,1169,27,1,59,5,1,Premium Customers,1,Standard Customers,2,Standard Customers
9370,80,65846.0,PhD,Married,1120,16,0,68,4,1,Premium Customers,1,Standard Customers,2,Standard Customers
8908,66,87195.0,Graduation,Married,1097,20,0,35,1,1,Premium Customers,0,Premium Customers,2,Standard Customers
2683,56,52413.0,Graduation,Married,910,26,2,56,6,2,Standard Customers,1,Standard Customers,2,Standard Customers
10991,65,89058.0,Master,Married,850,14,0,18,2,1,Premium Customers,0,Premium Customers,2,Standard Customers
5077,46,77298.0,Graduation,Together,969,24,1,46,3,1,Premium Customers,0,Premium Customers,2,Standard Customers
7431,34,68126.0,PhD,Single,1820,17,0,40,9,1,Premium Customers,0,Premium Customers,2,Standard Customers
3267,62,57288.0,Master,Together,608,20,1,27,6,2,Standard Customers,1,Standard Customers,2,Standard Customers
367,47,36550.0,2n Cycle,Married,577,20,1,74,9,2,Standard Customers,1,Standard Customers,2,Standard Customers
9805,72,56129.0,Master,Together,660,22,1,65,4,2,Standard Customers,1,Standard Customers,2,Standard Customers
1491,60,71488.0,2n Cycle,Together,559,16,0,87,1,2,Standard Customers,1,Standard Customers,2,Standard Customers
11071,41,79607.0,Graduation,Single,1923,16,0,37,1,1,Premium Customers,0,Premium Customers,2,Standard Customers
8026,73,62998.0,Graduation,Married,463,19,1,10,5,2,Standard Customers,1,Standard Customers,2,Standard Customers
433,67,61331.0,Master,Alone,632,23,2,42,8,2,Standard Customers,1,Standard Customers,2,Standard Customers
9597,56,73448.0,Graduation,Married,725,19,0,10,4,2,Standard Customers,1,Standard Customers,2,Standard Customers
1295,62,51381.5,Graduation,Married,725,19,1,96,4,2,Standard Customers,1,Standard Customers,2,Standard Customers
1685,58,62981.0,PhD,Together,1482,23,0,21,3,1,Premium Customers,0,Premium Customers,2,Standard Customers
821,33,92859.0,Master,Single,2077,22,0,46,2,1,Premium Customers,0,Premium Customers,2,Standard Customers
11084,49,65104.0,Master,Together,1053,17,1,4,7,2,Standard Customers,1,Standard Customers,2,Standard Customers
8690,63,86111.0,Graduation,Married,1385,23,0,73,2,1,Premium Customers,0,Premium Customers,2,Standard Customers
2937,51,68352.0,PhD,Single,871,25,1,47,6,2,Standard Customers,1,Standard Customers,2,Standard Customers
9701,37,41883.0,Graduation,Together,312,12,1,13,7,0,Budget Shoppers,1,Standard Customers,2,Standard Customers
9949,49,59809.0,Graduation,Married,877,15,2,36,8,2,Standard Customers,1,Standard Customers,2,Standard Customers
3830,72,59354.0,Master,Married,459,16,2,59,3,2,Standard Customers,1,Standard Customers,2,Standard Customers
7987,56,65747.0,Graduation,Married,460,19,1,96,6,2,Standard Customers,1,Standard Customers,2,Standard Customers
7055,73,61010.0,PhD,Together,1021,26,1,57,5,2,Standard Customers,1,Standard Customers,2,Standard Customers
2730,70,80317.0,Graduation,Single,1231,18,0,64,1,1,Premium Customers,0,Premium Customers,2,Standard Customers
9260,80,70356.0,PhD,Married,1706,27,0,20,6,2,Standard Customers,1,Standard Customers,2,Standard Customers
10095,50,74165.0,PhD,Divorced,1293,20,0,9,2,2,Standard Customers,1,Standard Customers,2,Standard Customers
10573,72,62551.0,Graduation,Divorced,421,18,0,27,3,2,Standard Customers,1,Standard Customers,2,Standard Customers
3712,66,52332.0,Graduation,Divorced,259,12,0,63,4,0,Budget Shoppers,1,Standard Customers,2,Standard Customers
6637,37,66951.0,Graduation,Single,1117,15,0,46,1,1,Premium Customers,0,Premium Customers,2,Standard Customers
8717,50,80427.0,PhD,Married,1835,28,1,56,5,1,Premium Customers,0,Premium Customers,2,Standard Customers
10562,79,66835.0,Master,Married,1033,24,0,21,2,2,Standard Customers,0,Premium Customers,2,Standard Customers
3934,59,61286.0,Graduation,Married,608,18,1,34,5,2,Standard Customers,1,Standard Customers,2,Standard Customers
6982,49,74068.0,Graduation,Married,1581,24,0,14,2,1,Premium Customers,0,Premium Customers,2,Standard Customers
5602,36,66973.0,PhD,Together,1282,28,0,98,3,1,Premium Customers,1,Standard Customers,2,Standard Customers
6999,45,69661.0,Master,Married,834,23,0,80,3,2,Standard Customers,1,Standard Customers,2,Standard Customers
6422,71,86718.0,Graduation,Married,1270,17,0,20,2,1,Premium Customers,0,Premium Customers,2,Standard Customers
7300,73,69142.0,Graduation,Divorced,535,19,1,50,5,2,Standard Customers,1,Standard Customers,2,Standard Customers
10424,57,75922.0,Graduation,Single,1295,18,0,60,1,1,Premium Customers,0,Premium Customers,2,Standard Customers
8727,47,63693.0,Graduation,Divorced,1150,29,1,63,6,2,Standard Customers,1,Standard Customers,2,Standard Customers
380,71,64497.0,Graduation,Divorced,1804,29,1,17,8,2,Standard Customers,1,Standard Customers,2,Standard Customers
2677,69,46097.0,Graduation,Together,241,15,1,11,4,0,Budget Shoppers,1,Standard Customers,2,Standard Customers
6521,71,77972.0,Graduation,Together,1101,20,0,18,1,1,Premium Customers,0,Premium Customers,2,Standard Customers
2877,51,46014.0,Master,Together,541,26,2,21,7,2,Standard Customers,1,Standard Customers,2,Standard Customers
0,40,70951.0,Graduation,Married,1198,17,0,66,1,1,Premium Customers,0,Premium Customers,2,Standard Customers
1584,48,41443.0,Graduation,Married,482,20,1,79,8,2,Standard Customers,1,Standard Customers,2,Standard Customers
454,45,69508.0,Graduation,Together,1135,28,1,48,6,2,Standard Customers,1,Standard Customers,2,Standard Customers
2075,56,72460.0,Graduation,Married,1047,16,0,56,1,1,Premium Customers,0,Premium Customers,2,Standard Customers
4785,55,77622.0,PhD,Together,714,22,2,3,3,2,Standard Customers,1,Standard Customers,2,Standard Customers
7079,63,63887.0,Graduation,Divorced,1245,32,1,38,6,2,Standard Customers,1,Standard Customers,2,Standard Customers
7375,49,51369.0,Graduation,Together,576,16,1,84,8,2,Standard Customers,1,Standard Customers,2,Standard Customers
709,73,51537.0,Graduation,Divorced,1103,18,1,27,8,2,Standard Customers,1,Standard Customers,2,Standard Customers
460,53,79930.0,PhD,Married,1753,17,0,72,2,1,Premium Customers,0,Premium Customers,2,Standard Customers
3233,60,62745.0,PhD,Married,1117,29,1,89,5,2,Standard Customers,1,Standard Customers,2,Standard Customers
9449,67,79761.0,PhD,Single,605,19,1,32,3,2,Standard Customers,1,Standard Customers,2,Standard Customers
313,57,73455.0,Graduation,Widow,2088,22,0,98,3,1,Premium Customers,0,Premium Customers,2,Standard Customers
9940,67,64961.0,Graduation,Together,1009,16,1,97,3,1,Premium Customers,1,Standard Customers,2,Standard Customers
6439,67,61074.0,Graduation,Married,1102,31,1,37,7,2,Standard Customers,1,Standard Customers,2,Standard Customers
9265,72,75027.0,Graduation,Married,1390,21,1,74,5,2,Standard Customers,1,Standard Customers,2,Standard Customers
8867,37,67546.0,PhD,Married,2126,20,0,90,3,1,Premium Customers,0,Premium Customers,2,Standard Customers
8932,56,65176.0,Master,Together,1531,25,1,57,6,1,Premium Customers,1,Standard Customers,2,Standard Customers
10992,58,75702.0,Graduation,Together,1148,26,2,77,8,2,Standard Customers,1,Standard Customers,2,Standard Customers
309,64,63342.0,PhD,Together,1101,19,1,48,6,2,Standard Customers,1,Standard Customers,2,Standard Customers
1184,57,69674.0,PhD,Divorced,845,25,2,46,5,2,Standard Customers,1,Standard Customers,2,Standard Customers
1225,62,80124.0,Graduation,Married,1495,19,0,47,1,1,Premium Customers,0,Premium Customers,2,Standard Customers
291,55,72940.0,Graduation,Married,981,13,0,13,1,1,Premium Customers,0,Premium Customers,2,Standard Customers
2379,72,69267.0,Graduation,Single,1635,14,0,31,7,1,Premium Customers,0,Premium Customers,2,Standard Customers
2304,62,66313.0,PhD,Together,770,23,1,86,4,2,Standard Customers,1,Standard Customers,2,Standard Customers
3445,69,60714.0,Graduation,Single,957,23,0,56,5,1,Premium Customers,0,Premium Customers,2,Standard Customers
7828,44,77882.0,Master,Together,818,12,0,29,1,1,Premium Customers,0,Premium Customers,2,Standard Customers
4391,57,63841.0,Master,Divorced,908,22,1,64,6,2,Standard Customers,1,Standard Customers,2,Standard Customers
10144,49,51369.0,Graduation,Together,576,16,1,84,8,2,Standard Customers,1,Standard Customers,2,Standard Customers
8652,79,37760.0,Graduation,Together,317,13,0,20,7,0,Budget Shoppers,1,Standard Customers,2,Standard Customers
10983,73,75278.0,Graduation,Together,930,23,0,17,3,1,Premium Customers,0,Premium Customers,2,Standard Customers
8148,69,50898.0,Master,Together,859,33,2,88,5,2,Standard Customers,1,Standard Customers,2,Standard Customers
10102,59,79946.0,Graduation,Widow,1478,22,0,19,3,1,Premium Customers,0,Premium Customers,2,Standard Customers
7119,43,68627.0,Graduation,Single,825,12,0,45,1,1,Premium Customers,1,Standard Customers,2,Standard Customers
3924,60,57912.0,PhD,Divorced,916,28,1,34,5,2,Standard Customers,1,Standard Customers,2,Standard Customers
5596,69,58821.0,2n Cycle,Together,728,21,1,44,6,2,Standard Customers,1,Standard Customers,2,Standard Customers
4440,61,64100.0,Master,Married,546,18,1,93,7,2,Standard Customers,1,Standard Customers,2,Standard Customers
6320,49,70893.0,Master,Single,1508,23,0,42,3,1,Premium Customers,0,Premium Customers,2,Standard Customers
9478,40,66503.0,Graduation,Single,401,15,1,30,3,2,Standard Customers,1,Standard Customers,2,Standard Customers
1802,54,64795.0,Graduation,Married,680,21,1,23,2,2,Standard Customers,1,Standard Customers,2,Standard Customers
9750,64,64325.0,PhD,Divorced,1307,23,1,41,7,2,Standard Customers,1,Standard Customers,2,Standard Customers
7214,68,62187.0,Graduation,Married,1283,18,0,49,3,1,Premium Customers,0,Premium Customers,2,Standard Customers
10675,69,66334.0,PhD,Married,1161,19,1,82,5,2,Standard Customers,1,Standard Customers,2,Standard Customers
10151,65,62204.0,Graduation,Divorced,946,22,2,38,3,2,Standard Customers,1,Standard Customers,2,Standard Customers
10172,37,68655.0,Graduation,Single,1538,21,0,95,3,1,Premium Customers,0,Premium Customers,2,Standard Customers
6245,75,59292.0,PhD,Together,507,18,1,71,3,2,Standard Customers,1,Standard Customers,2,Standard Customers
1411,73,82623.0,Graduation,Divorced,940,16,0,58,1,1,Premium Customers,0,Premium Customers,2,Standard Customers
1826,55,84835.0,Graduation,Divorced,1190,15,0,0,1,1,Premium Customers,0,Premium Customers,2,Standard Customers
2579,68,71113.0,Graduation,Married,835,26,1,95,4,2,Standard Customers,1,Standard Customers,2,Standard Customers
9185,59,69759.0,PhD,Single,1029,18,0,38,3,1,Premium Customers,0,Premium Customers,2,Standard Customers
11056,51,72099.0,Graduation,Married,1188,18,0,18,1,1,Premium Customers,0,Premium Customers,2,Standard Customers
9365,49,60000.0,PhD,Single,1277,24,1,57,6,2,Standard Customers,1,Standard Customers,2,Standard Customers
2061,70,50737.0,Graduation,Married,99,7,1,61,6,0,Budget Shoppers,1,Standard Customers,2,Standard Customers
6184,56,68462.0,PhD,Married,1670,15,0,6,1,1,Premium Customers,0,Premium Customers,2,Standard Customers
6142,82,65073.0,Master,Married,900,14,0,65,2,2,Standard Customers,1,Standard Customers,2,Standard Customers
4107,77,46681.0,PhD,Together,425,16,2,52,5,2,Standard Customers,1,Standard Customers,2,Standard Customers
7274,68,78618.0,Graduation,Married,2153,22,0,87,2,1,Premium Customers,0,Premium Customers,2,Standard Customers
10704,56,54803.0,Graduation,Single,693,19,1,65,4,2,Standard Customers,1,Standard Customers,2,Standard Customers
5125,65,79530.0,Graduation,Married,1348,26,0,64,2,1,Premium Customers,0,Premium Customers,2,Standard Customers
5955,63,72025.0,Graduation,Together,1932,16,0,27,3,1,Premium Customers,0,Premium Customers,2,Standard Customers
2928,50,52614.0,PhD,Single,990,16,1,63,8,2,Standard Customers,1,Standard Customers,2,Standard Customers
1245,59,63810.0,Graduation,Single,1371,23,1,45,8,2,Standard Customers,1,Standard Customers,2,Standard Customers
1729,64,66426.0,PhD,Together,1377,20,1,14,6,2,Standard Customers,1,Standard Customers,2,Standard Customers
6878,71,27421.0,Graduation,Widow,324,14,0,14,7,0,Budget Shoppers,1,Standard Customers,2,Standard Customers
6720,57,43795.0,Master,Together,492,17,1,11,7,2,Standard Customers,1,Standard Customers,2,Standard Customers
6202,65,63381.0,Graduation,Together,1005,26,1,78,2,2,Standard Customers,1,Standard Customers,2,Standard Customers
9799,57,83664.0,PhD,Divorced,1173,19,2,57,5,2,Standard Customers,1,Standard Customers,2,Standard Customers
2669,32,74293.0,Graduation,Single,1127,16,0,66,2,1,Premium Customers,0,Premium Customers,2,Standard Customers
7683,57,70777.0,Master,Married,787,23,1,80,3,2,Standard Customers,1,Standard Customers,2,Standard Customers
3428,34,68682.0,PhD,Together,1598,24,0,56,2,1,Premium Customers,0,Premium Customers,2,Standard Customers
9999,60,75276.0,Graduation,Together,1040,23,0,2,5,1,Premium Customers,0,Premium Customers,2,Standard Customers
615,65,30507.0,Graduation,Together,343,11,0,29,7,0,Budget Shoppers,1,Standard Customers,2,Standard Customers
2552,70,55521.0,PhD,Single,446,24,3,11,7,2,Standard Customers,1,Standard Customers,2,Standard Customers
10882,49,53858.0,Graduation,Married,915,17,1,50,4,2,Standard Customers,1,Standard Customers,2,Standard Customers
7422,38,46923.0,Graduation,Single,369,16,1,90,7,2,Standard Customers,1,Standard Customers,2,Standard Customers
3523,63,75072.0,Graduation,Together,1073,19,1,83,3,2,Standard Customers,1,Standard Customers,2,Standard Customers
7106,82,75865.0,PhD,Married,1242,19,0,73,1,1,Premium Customers,0,Premium Customers,2,Standard Customers
8581,54,49505.0,Master,Married,751,29,2,4,8,2,Standard Customers,1,Standard Customers,2,Standard Customers
3767,57,61314.0,Graduation,Married,1008,24,1,1,3,1,Premium Customers,0,Premium Customers,2,Standard Customers
4324,36,42387.0,Graduation,Married,684,21,1,42,8,2,Standard Customers,1,Standard Customers,2,Standard Customers
238,58,67309.0,2n Cycle,Together,1082,39,2,76,7,2,Standard Customers,1,Standard Customers,2,Standard Customers
6694,61,75236.0,Graduation,Married,1068,25,1,27,4,2,Standard Customers,0,Premium Customers,2,Standard Customers
9699,59,67272.0,Graduation,Divorced,733,23,1,12,5,2,Standard Customers,1,Standard Customers,2,Standard Customers
1142,72,55707.0,PhD,Married,428,16,1,91,3,2,Standard Customers,1,Standard Customers,2,Standard Customers
2276,70,57959.0,Graduation,Single,868,27,1,71,3,2,Standard Customers,1,Standard Customers,2,Standard Customers
2807,56,56796.0,Graduation,Married,1001,27,1,24,7,2,Standard Customers,1,Standard Customers,2,Standard Customers
6131,45,70829.0,2n Cycle,Married,431,16,2,87,3,2,Standard Customers,1,Standard Customers,2,Standard Customers
6233,49,65991.0,Graduation,Married,971,27,1,21,7,2,Standard Customers,1,Standard Customers,2,Standard Customers
10648,43,66664.0,2n Cycle,Together,1289,19,0,78,3,1,Premium Customers,0,Premium Customers,2,Standard Customers
7851,76,70165.0,Graduation,Widow,926,22,0,60,1,1,Premium Customers,0,Premium Customers,2,Standard Customers
7059,62,80124.0,Graduation,Married,1495,19,0,47,1,1,Premium Customers,0,Premium Customers,2,Standard Customers
2416,56,66582.0,PhD,Single,1288,20,0,83,1,1,Premium Customers,0,Premium Customers,2,Standard Customers
9697,74,53790.0,Graduation,Married,542,20,2,86,6,2,Standard Customers,1,Standard Customers,2,Standard Customers
3916,54,49269.0,PhD,Together,890,25,1,92,7,2,Standard Customers,1,Standard Customers,2,Standard Customers
2021,50,61456.0,Graduation,Married,1388,33,1,47,4,1,Premium Customers,1,Standard Customers,2,Standard Customers
564,44,56937.0,PhD,Together,906,30,1,81,6,2,Standard Customers,1,Standard Customers,2,Standard Customers
178,69,62503.0,Graduation,Married,973,26,1,40,5,2,Standard Customers,1,Standard Customers,2,Standard Customers
8970,53,62010.0,PhD,Married,530,19,1,93,5,2,Standard Customers,1,Standard Customers,2,Standard Customers
10581,48,41124.0,Graduation,Married,506,21,1,41,8,2,Standard Customers,1,Standard Customers,2,Standard Customers
9286,65,83151.0,Master,Together,747,19,0,93,3,1,Premium Customers,0,Premium Customers,2,Standard Customers
2426,61,78825.0,PhD,Divorced,895,29,0,35,3,1,Premium Customers,0,Premium Customers,2,Standard Customers
5172,49,65104.0,Master,Together,1053,17,1,4,7,2,Standard Customers,1,Standard Customers,2,Standard Customers
5562,51,60093.0,Graduation,Married,735,21,1,92,6,2,Standard Customers,1,Standard Customers,2,Standard Customers
3403,67,78952.0,PhD,Together,2092,21,1,11,6,1,Premium Customers,1,Standard Customers,2,Standard Customers
9426,61,58308.0,Master,Single,900,15,1,77,8,2,Standard Customers,1,Standard Customers,2,Standard Customers
6605,81,55614.0,PhD,Divorced,682,20,0,85,7,2,Standard Customers,1,Standard Customers,2,Standard Customers
3136,63,59432.0,Master,Divorced,663,22,1,88,5,2,Standard Customers,1,Standard Customers,2,Standard Customers
11088,54,78642.0,PhD,Together,1816,18,1,83,6,1,Premium Customers,1,Standard Customers,2,Standard Customers
716,76,67911.0,PhD,Together,976,27,1,63,3,2,Standard Customers,1,Standard Customers,2,Standard Customers
466,81,65275.0,Graduation,Married,746,21,0,9,2,2,Standard Customers,0,Premium Customers,2,Standard Customers
8151,35,24279.0,Basic,Married,263,9,0,6,8,0,Budget Shoppers,2,Budget Shoppers,2,Standard Customers
5140,40,64355.0,PhD,Married,1445,21,1,66,8,2,Standard Customers,1,Standard Customers,2,Standard Customers
4945,72,53653.0,Graduation,Widow,1210,28,0,29,6,2,Standard Customers,1,Standard Customers,2,Standard Customers
10584,49,65665.0,Graduation,Married,945,24,1,77,3,1,Premium Customers,0,Premium Customers,2,Standard Customers
6071,36,81217.0,Graduation,Single,1157,22,0,77,1,1,Premium Customers,0,Premium Customers,2,Standard Customers
8939,66,61250.0,Graduation,Divorced,730,25,1,49,5,2,Standard Customers,1,Standard Customers,2,Standard Customers
4320,46,60152.0,Graduation,Single,943,23,1,6,3,1,Premium Customers,0,Premium Customers,2,Standard Customers
5389,61,48920.0,Graduation,Married,347,16,2,93,7,2,Standard Customers,1,Standard Customers,2,Standard Customers
203,50,81169.0,Master,Single,2089,22,0,47,2,1,Premium Customers,0,Premium Customers,2,Standard Customers
4607,66,71367.0,Graduation,Together,777,17,0,24,2,1,Premium Customers,0,Premium Customers,2,Standard Customers
2532,38,73454.0,Master,Single,1651,13,0,95,5,1,Premium Customers,1,Standard Customers,2,Standard Customers
4322,67,77863.0,PhD,Together,1291,20,0,20,2,1,Premium Customers,0,Premium Customers,2,Standard Customers
713,48,50353.0,Master,Married,442,15,0,72,3,2,Standard Customers,1,Standard Customers,2,Standard Customers
4702,61,61839.0,Graduation,Single,1895,17,0,20,8,1,Premium Customers,0,Premium Customers,2,Standard Customers
3281,65,49154.0,PhD,Married,411,19,2,69,6,2,Standard Customers,1,Standard Customers,2,Standard Customers
702,50,47682.0,2n Cycle,Widow,521,19,1,80,5,2,Standard Customers,1,Standard Customers,2,Standard Customers
2004,56,72679.0,Graduation,Single,1168,17,1,65,1,1,Premium Customers,0,Premium Customers,2,Standard Customers
4769,48,57954.0,Master,Together,493,23,2,52,7,2,Standard Customers,1,Standard Customers,2,Standard Customers
11096,73,57247.0,2n Cycle,Together,232,12,1,50,2,0,Budget Shoppers,1,Standard Customers,2,Standard Customers
5036,41,42710.0,PhD,Single,406,14,1,38,6,0,Budget Shoppers,1,Standard Customers,2,Standard Customers
7822,49,54058.0,Graduation,Together,662,20,1,56,3,2,Standard Customers,1,Standard Customers,2,Standard Customers
10955,61,85620.0,Graduation,Widow,1600,14,0,68,1,1,Premium Customers,0,Premium Customers,2,Standard Customers
9504,76,81698.0,Master,Married,1008,25,0,4,1,1,Premium Customers,0,Premium Customers,2,Standard Customers
448,47,54880.0,PhD,Single,795,21,1,57,5,2,Standard Customers,1,Standard Customers,2,Standard Customers
3179,45,81741.0,Graduation,Single,1572,19,0,75,2,1,Premium Customers,0,Premium Customers,2,Standard Customers
9780,54,71499.0,Master,Together,795,26,1,12,4,2,Standard Customers,0,Premium Customers,2,Standard Customers
10681,55,62466.0,2n Cycle,Married,889,26,1,13,4,1,Premium Customers,1,Standard Customers,2,Standard Customers
9120,63,66565.0,Graduation,Single,1065,19,1,80,8,2,Standard Customers,1,Standard Customers,2,Standard Customers
6818,51,44989.0,Graduation,Married,369,16,1,26,6,2,Standard Customers,1,Standard Customers,2,Standard Customers
5966,51,45207.0,PhD,Married,215,15,2,64,6,0,Budget Shoppers,1,Standard Customers,2,Standard Customers
5314,74,40689.0,Graduation,Together,444,20,1,69,8,2,Standard Customers,1,Standard Customers,2,Standard Customers
5057,64,61794.0,Master,Married,611,20,1,74,2,2,Standard Customers,1,Standard Customers,2,Standard Customers
254,70,53863.0,Graduation,Together,473,18,1,4,7,2,Standard Customers,1,Standard Customers,2,Standard Customers
4501,60,69882.0,Master,Single,1478,20,0,94,1,1,Premium Customers,0,Premium Customers,2,Standard Customers
3075,53,59973.0,PhD,Married,382,15,0,47,1,2,Standard Customers,1,Standard Customers,2,Standard Customers
2453,65,62807.0,Graduation,Together,819,23,1,83,5,2,Standard Customers,1,Standard Customers,2,Standard Customers
7972,70,72906.0,Graduation,Single,1151,17,0,79,1,1,Premium Customers,0,Premium Customers,2,Standard Customers
10299,56,48240.0,PhD,Single,882,25,0,73,5,2,Standard Customers,0,Premium Customers,2,Standard Customers
10156,50,84196.0,Graduation,Single,1237,20,1,56,3,1,Premium Customers,0,Premium Customers,2,Standard Customers
4299,65,70971.0,Graduation,Together,1825,34,1,28,7,1,Premium Customers,0,Premium Customers,2,Standard Customers
10727,55,69084.0,PhD,Married,1586,25,1,43,8,2,Standard Customers,1,Standard Customers,2,Standard Customers
9624,67,65488.0,PhD,Together,963,14,0,46,1,2,Standard Customers,0,Premium Customers,2,Standard Customers
5156,55,62466.0,2n Cycle,Married,889,26,1,13,4,1,Premium Customers,1,Standard Customers,2,Standard Customers
8923,52,83917.0,Graduation,Single,1587,21,0,12,3,1,Premium Customers,0,Premium Customers,2,Standard Customers
6945,73,84574.0,Graduation,Single,1375,32,0,72,5,1,Premium Customers,0,Premium Customers,2,Standard Customers
944,63,56181.0,Graduation,Married,393,14,1,6,4,2,Standard Customers,1,Standard Customers,2,Standard Customers
1907,75,63120.0,Master,Divorced,1477,26,1,53,7,2,Standard Customers,1,Standard Customers,2,Standard Customers
701,54,73691.0,Graduation,Married,1179,18,1,58,2,2,Standard Customers,1,Standard Customers,2,Standard Customers
3856,65,63381.0,Graduation,Together,1005,26,1,78,2,2,Standard Customers,1,Standard Customers,2,Standard Customers
4149,77,76140.0,PhD,Together,1348,21,0,57,2,1,Premium Customers,0,Premium Customers,2,Standard Customers
2131,66,62859.0,PhD,Divorced,1307,23,1,37,6,2,Standard Customers,1,Standard Customers,2,Standard Customers
2942,61,45906.0,Graduation,Single,486,15,1,20,5,2,Standard Customers,1,Standard Customers,2,Standard Customers
4679,48,78710.0,Master,Married,1092,28,1,42,4,2,Standard Customers,1,Standard Customers,2,Standard Customers
10928,67,66886.0,Graduation,Together,599,17,1,28,5,2,Standard Customers,1,Standard Customers,2,Standard Customers
4248,65,98777.0,Master,Single,2008,19,0,23,1,1,Premium Customers,0,Premium Customers,2,Standard Customers
6661,51,67445.0,Graduation,Married,1174,32,1,63,6,2,Standard Customers,1,Standard Customers,2,Standard Customers
3867,78,73059.0,PhD,Together,1095,26,1,36,4,2,Standard Customers,1,Standard Customers,2,Standard Customers
55,62,56253.0,Graduation,Together,597,22,1,83,6,2,Standard Customers,1,Standard Customers,2,Standard Customers
5084,50,58330.0,Graduation,Widow,1064,24,1,87,4,1,Premium Customers,1,Standard Customers,2,Standard Customers
9153,61,59304.0,PhD,Married,1048,28,1,81,5,2,Standard Customers,1,Standard Customers,2,Standard Customers
9204,55,66731.0,Graduation,Widow,1029,17,1,33,3,1,Premium Customers,1,Standard Customers,2,Standard Customers
3197,45,77353.0,Graduation,Married,670,20,1,38,4,2,Standard Customers,1,Standard Customers,2,Standard Customers
2920,50,52614.0,PhD,Single,990,16,1,63,8,2,Standard Customers,1,Standard Customers,2,Standard Customers
9937,46,70337.0,Graduation,Single,576,17,0,75,1,1,Premium Customers,1,Standard Customers,2,Standard Customers
9596,45,65295.0,PhD,Single,664,20,0,19,2,2,Standard Customers,1,Standard Customers,2,Standard Customers
2891,62,68118.0,Graduation,Divorced,928,23,1,51,6,2,Standard Customers,1,Standard Customers,2,Standard Customers
4910,58,68743.0,Graduation,Divorced,2074,30,0,81,7,1,Premium Customers,1,Standard Customers,2,Standard Customers
75,43,41039.0,2n Cycle,Together,467,15,0,32,8,2,Standard Customers,1,Standard Customers,2,Standard Customers
6327,58,65777.0,Graduation,Together,1146,17,0,87,1,1,Premium Customers,0,Premium Customers,2,Standard Customers
10142,49,66476.0,PhD,Divorced,689,20,1,99,4,2,Standard Customers,1,Standard Customers,2,Standard Customers
9826,53,86857.0,PhD,Single,2114,22,0,96,2,1,Premium Customers,0,Premium Customers,2,Standard Customers
7279,56,69476.0,PhD,Together,1044,15,0,3,2,1,Premium Customers,0,Premium Customers,2,Standard Customers
7230,65,50611.0,PhD,Divorced,493,22,1,98,6,2,Standard Customers,1,Standard Customers,2,Standard Customers
143,55,61209.0,Graduation,Single,957,13,0,73,2,1,Premium Customers,1,Standard Customers,2,Standard Customers
10888,64,45938.0,Graduation,Single,636,20,0,46,6,2,Standard Customers,1,Standard Customers,2,Standard Customers
9977,52,78901.0,Graduation,Divorced,734,20,1,99,4,2,Standard Customers,1,Standard Customers,2,Standard Customers
10196,47,71427.0,Graduation,Married,614,20,2,26,4,2,Standard Customers,1,Standard Customers,2,Standard Customers
6384,47,71022.0,Graduation,Divorced,1453,21,1,30,8,2,Standard Customers,1,Standard Customers,2,Standard Customers
6991,74,43185.0,Graduation,Divorced,637,20,1,88,8,2,Standard Customers,1,Standard Customers,2,Standard Customers
3336,77,66375.0,PhD,Together,948,14,1,96,7,2,Standard Customers,1,Standard Customers,2,Standard Customers
1272,60,55250.0,Master,Single,903,26,1,49,5,2,Standard Customers,1,Standard Customers,2,Standard Customers
1044,72,58398.0,Graduation,Together,596,20,0,44,4,2,Standard Customers,1,Standard Customers,2,Standard Customers
10479,50,76618.0,PhD,Married,1511,11,0,64,1,1,Premium Customers,0,Premium Customers,2,Standard Customers
10159,55,58710.0,Graduation,Divorced,1185,31,1,77,6,2,Standard Customers,1,Standard Customers,2,Standard Customers
5114,60,74806.0,Master,Married,965,16,1,1,4,2,Standard Customers,1,Standard Customers,2,Standard Customers
4990,71,59111.0,Graduation,Married,869,21,0,90,7,2,Standard Customers,1,Standard Customers,2,Standard Customers
10936,60,72190.0,Graduation,Married,1947,16,0,79,3,1,Premium Customers,0,Premium Customers,2,Standard Customers
437,49,75012.0,Master,Divorced,1027,23,0,41,1,1,Premium Customers,0,Premium Customers,2,Standard Customers
9384,47,66373.0,Graduation,Married,606,23,2,57,3,2,Standard Customers,1,Standard Customers,2,Standard Customers
7072,52,67432.0,Graduation,Married,1335,19,1,69,4,1,Premium Customers,1,Standard Customers,2,Standard Customers
6255,73,70545.0,Master,Together,334,13,1,29,2,2,Standard Customers,1,Standard Customers,2,Standard Customers
5564,56,62882.0,Graduation,Together,1338,20,1,26,4,1,Premium Customers,0,Premium Customers,2,Standard Customers
5682,72,64108.0,PhD,Single,1099,30,1,8,5,2,Standard Customers,1,Standard Customers,2,Standard Customers
10548,30,71163.0,Graduation,Single,960,24,0,30,1,1,Premium Customers,0,Premium Customers,2,Standard Customers
4073,71,63564.0,2n Cycle,Married,1215,28,0,0,6,1,Premium Customers,1,Standard Customers,2,Standard Customers
6974,53,83443.0,PhD,Together,1497,22,0,89,2,1,Premium Customers,0,Premium Customers,2,Standard Customers
7094,50,58330.0,Graduation,Widow,1064,24,1,87,4,1,Premium Customers,1,Standard Customers,2,Standard Customers
7723,46,75507.0,Graduation,Together,1440,21,0,56,3,1,Premium Customers,0,Premium Customers,2,Standard Customers
3870,47,63855.0,2n Cycle,Together,1006,24,0,28,4,1,Premium Customers,0,Premium Customers,2,Standard Customers
4012,53,62220.0,PhD,Together,1226,23,1,55,6,2,Standard Customers,0,Premium Customers,2,Standard Customers
5909,61,58512.0,Graduation,Married,1171,20,1,25,8,2,Standard Customers,1,Standard Customers,2,Standard Customers
6887,58,79146.0,Graduation,Single,564,19,2,33,6,2,Standard Customers,1,Standard Customers,2,Standard Customers
6406,37,78285.0,Master,Married,1427,21,0,13,3,1,Premium Customers,0,Premium Customers,2,Standard Customers
4508,73,75127.0,Graduation,Single,833,19,0,92,1,1,Premium Customers,1,Standard Customers,2,Standard Customers
5331,48,74985.0,Graduation,Married,1869,17,0,8,2,1,Premium Customers,0,Premium Customers,2,Standard Customers
1911,38,67430.0,Graduation,Together,1364,29,0,6,6,1,Premium Customers,1,Standard Customers,2,Standard Customers
10582,46,72063.0,Graduation,Married,758,21,1,3,2,2,Standard Customers,1,Standard Customers,2,Standard Customers
1915,74,78939.0,PhD,Married,1507,20,0,57,3,1,Premium Customers,0,Premium Customers,2,Standard Customers
8897,60,42720.0,Graduation,Single,654,25,2,9,8,2,Standard Customers,1,Standard Customers,2,Standard Customers
4964,67,74250.0,PhD,Together,1158,18,0,90,1,1,Premium Customers,0,Premium Customers,2,Standard Customers
10736,54,72258.0,Graduation,Single,1525,22,1,28,2,1,Premium Customers,0,Premium Customers,2,Standard Customers
3194,51,71466.0,PhD,Single,1230,19,0,86,1,1,Premium Customers,0,Premium Customers,2,Standard Customers
6299,57,42564.0,PhD,Divorced,813,24,1,28,7,2,Standard Customers,1,Standard Customers,2,Standard Customers
10846,47,43783.0,Master,Married,629,22,1,22,7,2,Standard Customers,1,Standard Customers,2,Standard Customers
6543,80,62847.0,Master,Together,1612,14,0,45,2,1,Premium Customers,0,Premium Customers,2,Standard Customers
199,63,45183.0,Master,Single,315,13,0,33,7,0,Budget Shoppers,1,Standard Customers,2,Standard Customers
6722,71,70421.0,PhD,Married,767,23,1,98,6,2,Standard Customers,1,Standard Customers,2,Standard Customers
796,60,60161.0,2n Cycle,Divorced,1071,26,1,17,8,2,Standard Customers,1,Standard Customers,2,Standard Customers
3749,52,73926.0,Graduation,Together,1580,24,0,54,3,1,Premium Customers,0,Premium Customers,2,Standard Customers
310,55,61872.0,Master,Married,573,21,1,81,4,2,Standard Customers,1,Standard Customers,2,Standard Customers
9930,81,82716.0,PhD,Single,1167,28,0,8,2,1,Premium Customers,0,Premium Customers,2,Standard Customers
7352,68,55267.0,Graduation,Married,405,17,1,28,3,2,Standard Customers,1,Standard Customers,2,Standard Customers
2350,53,59666.0,Graduation,Married,1027,20,2,87,8,2,Standard Customers,1,Standard Customers,2,Standard Customers
9145,53,72504.0,Graduation,Single,1478,22,1,43,2,1,Premium Customers,0,Premium Customers,2,Standard Customers
9687,50,73170.0,Graduation,Single,726,16,0,1,2,1,Premium Customers,0,Premium Customers,2,Standard Customers
3732,70,52750.0,Master,Married,860,27,1,72,4,2,Standard Customers,1,Standard Customers,2,Standard Customers
6303,39,91820.0,PhD,Together,1497,22,0,72,1,1,Premium Customers,0,Premium Customers,2,Standard Customers
7462,71,22507.0,Graduation,Single,570,19,0,67,9,2,Standard Customers,1,Standard Customers,2,Standard Customers
3900,53,65685.0,Graduation,Married,769,21,1,54,5,2,Standard Customers,1,Standard Customers,2,Standard Customers
5989,66,78353.0,2n Cycle,Divorced,1576,24,1,51,8,1,Premium Customers,1,Standard Customers,2,Standard Customers
2150,67,80995.0,PhD,Widow,1482,22,1,83,4,1,Premium Customers,0,Premium Customers,2,Standard Customers
8560,33,48789.0,Graduation,Single,680,18,0,94,6,2,Standard Customers,1,Standard Customers,2,Standard Customers
9904,69,71391.0,Graduation,Married,1043,28,1,50,3,1,Premium Customers,1,Standard Customers,2,Standard Customers
5687,45,81702.0,Graduation,Divorced,1633,27,0,98,3,1,Premium Customers,0,Premium Customers,2,Standard Customers
5121,48,56628.0,Graduation,Single,761,20,1,30,5,2,Standard Customers,1,Standard Customers,2,Standard Customers
368,51,40049.0,Graduation,Married,290,14,1,61,5,0,Budget Shoppers,1,Standard Customers,2,Standard Customers
5332,65,82504.0,2n Cycle,Married,1066,17,0,2,1,1,Premium Customers,0,Premium Customers,2,Standard Customers
10343,34,61618.0,2n Cycle,Single,1345,19,0,27,3,1,Premium Customers,0,Premium Customers,2,Standard Customers
5935,69,55284.0,Master,Single,764,23,1,60,5,2,Standard Customers,1,Standard Customers,2,Standard Customers
7848,51,49166.0,Graduation,Single,368,13,1,17,6,0,Budget Shoppers,1,Standard Customers,2,Standard Customers
9477,71,65324.0,PhD,Married,544,20,1,0,4,2,Standard Customers,1,Standard Customers,2,Standard Customers
1456,46,60474.0,Graduation,Single,1180,31,1,25,7,2,Standard Customers,1,Standard Customers,2,Standard Customers
425,40,55357.0,Graduation,Married,727,22,2,66,5,2,Standard Customers,1,Standard Customers,2,Standard Customers
4271,36,38683.0,2n Cycle,Together,341,17,1,80,7,0,Budget Shoppers,2,Budget Shoppers,2,Standard Customers
4120,50,49514.0,2n Cycle,Single,369,13,1,61,7,0,Budget Shoppers,1,Standard Customers,2,Standard Customers
8687,47,53172.0,Graduation,Together,486,16,1,54,3,2,Standard Customers,1,Standard Customers,2,Standard Customers
9353,66,62450.0,Graduation,Single,995,16,1,61,3,2,Standard Customers,1,Standard Customers,2,Standard Customers
7631,47,61346.0,Master,Together,989,23,1,34,3,2,Standard Customers,0,Premium Customers,2,Standard Customers
773,54,42835.0,Master,Divorced,595,23,2,64,6,2,Standard Customers,1,Standard Customers,2,Standard Customers
1446,69,86424.0,Master,Single,1226,28,0,12,1,1,Premium Customers,0,Premium Customers,2,Standard Customers
5830,53,86857.0,PhD,Single,2114,22,0,96,2,1,Premium Customers,0,Premium Customers,2,Standard Customers
4597,55,82072.0,PhD,Together,2018,19,0,67,1,1,Premium Customers,0,Premium Customers,2,Standard Customers
8825,63,51195.0,Graduation,Together,564,24,2,46,8,2,Standard Customers,1,Standard Customers,2,Standard Customers
2930,47,68092.0,Master,Single,1281,20,0,7,5,1,Premium Customers,0,Premium Customers,2,Standard Customers
10925,42,76630.0,Graduation,Married,1003,25,0,93,1,1,Premium Customers,0,Premium Customers,2,Standard Customers
8800,82,48948.0,PhD,Divorced,902,24,0,53,6,1,Premium Customers,1,Standard Customers,2,Standard Customers
9224,53,55260.0,PhD,Single,1139,25,1,81,6,2,Standard Customers,1,Standard Customers,2,Standard Customers
5519,69,64090.0,Graduation,Together,797,20,1,8,5,1,Premium Customers,0,Premium Customers,2,Standard Customers
5046,67,78331.0,Graduation,Divorced,1638,25,1,97,4,1,Premium Customers,1,Standard Customers,2,Standard Customers
7037,51,37087.0,PhD,Married,401,17,1,50,6,2,Standard Customers,2,Budget Shoppers,2,Standard Customers
8624,67,81320.0,Graduation,Married,928,18,0,61,2,1,Premium Customers,0,Premium Customers,2,Standard Customers
6445,58,66825.0,Graduation,Together,858,16,0,73,2,1,Premium Customers,0,Premium Customers,2,Standard Customers
2727,52,57100.0,Graduation,Together,409,13,0,19,3,0,Budget Shoppers,1,Standard Customers,2,Standard Customers
11074,48,85072.0,Graduation,Single,1423,18,0,94,0,1,Premium Customers,0,Premium Customers,2,Standard Customers
7053,59,78420.0,PhD,Single,1453,22,0,75,1,1,Premium Customers,0,Premium Customers,2,Standard Customers
4654,33,75114.0,Graduation,Together,1253,19,0,40,2,1,Premium Customers,0,Premium Customers,2,Standard Customers
9760,62,52278.0,PhD,Widow,1198,31,1,24,8,2,Standard Customers,1,Standard Customers,2,Standard Customers
9308,71,62820.0,Graduation,Married,976,14,0,51,1,1,Premium Customers,0,Premium Customers,2,Standard Customers
10505,65,73113.0,Master,Together,1001,15,0,86,2,2,Standard Customers,0,Premium Customers,2,Standard Customers
4483,32,72354.0,Graduation,Single,1228,19,0,67,1,1,Premium Customers,0,Premium Customers,2,Standard Customers
5871,46,24401.0,Master,Together,467,16,0,98,8,2,Standard Customers,1,Standard Customers,2,Standard Customers
3139,43,74116.0,2n Cycle,Single,2052,19,0,53,2,1,Premium Customers,0,Premium Customers,2,Standard Customers
10037,32,74293.0,Graduation,Single,1127,16,0,66,2,1,Premium Customers,0,Premium Customers,2,Standard Customers
10673,49,68397.0,PhD,Married,1416,21,1,6,3,1,Premium Customers,0,Premium Customers,2,Standard Customers
5303,51,79632.0,PhD,Together,1113,20,0,42,2,1,Premium Customers,0,Premium Customers,2,Standard Customers
7922,74,64950.0,PhD,Single,966,25,1,29,7,2,Standard Customers,1,Standard Customers,2,Standard Customers
4843,73,75127.0,Graduation,Single,833,19,0,92,1,1,Premium Customers,1,Standard Customers,2,Standard Customers
1628,54,71796.0,Graduation,Together,960,17,0,54,4,1,Premium Customers,0,Premium Customers,2,Standard Customers
3673,54,55239.0,Graduation,Single,779,26,1,59,5,2,Standard Customers,1,Standard Customers,2,Standard Customers
760,50,60554.0,PhD,Divorced,811,23,1,8,6,2,Standard Customers,1,Standard Customers,2,Standard Customers
8957,73,64831.0,2n Cycle,Single,1120,22,2,51,6,2,Standard Customers,1,Standard Customers,2,Standard Customers
4128,63,56067.0,PhD,Together,725,20,1,51,5,2,Standard Customers,1,Standard Customers,2,Standard Customers
1328,43,57937.0,2n Cycle,Married,683,20,1,56,3,2,Standard Customers,1,Standard Customers,2,Standard Customers
2882,50,67893.0,2n Cycle,Divorced,995,16,1,31,8,2,Standard Customers,1,Standard Customers,2,Standard Customers
5748,60,59754.0,Graduation,Married,475,16,1,96,5,2,Standard Customers,1,Standard Customers,2,Standard Customers
2134,73,53700.0,Graduation,Single,694,22,1,94,5,2,Standard Customers,1,Standard Customers,2,Standard Customers
4640,58,70647.0,Graduation,Divorced,1079,26,1,65,2,1,Premium Customers,1,Standard Customers,2,Standard Customers
7801,66,54753.0,Graduation,Together,728,21,1,87,4,2,Standard Customers,1,Standard Customers,2,Standard Customers
3933,45,44010.0,Graduation,Together,662,24,1,46,9,2,Standard Customers,1,Standard Customers,2,Standard Customers
10981,37,84219.0,Graduation,Married,1198,18,0,27,1,1,Premium Customers,0,Premium Customers,2,Standard Customers
6357,66,59052.0,2n Cycle,Divorced,491,18,1,29,5,2,Standard Customers,1,Standard Customers,2,Standard Customers
9209,54,80573.0,Master,Together,1564,24,0,85,2,1,Premium Customers,0,Premium Customers,2,Standard Customers
10286,63,83715.0,Graduation,Married,926,24,0,2,0,1,Premium Customers,0,Premium Customers,2,Standard Customers
5407,71,53103.0,Graduation,Together,1085,28,1,70,7,2,Standard Customers,1,Standard Customers,2,Standard Customers
3056,47,63693.0,Graduation,Divorced,1150,29,1,63,6,2,Standard Customers,1,Standard Customers,2,Standard Customers
8164,47,82170.0,PhD,Married,1908,19,0,13,2,1,Premium Customers,0,Premium Customers,2,Standard Customers
9305,49,79689.0,2n Cycle,Single,1315,27,0,65,2,1,Premium Customers,0,Premium Customers,2,Standard Customers
7378,44,42021.0,Master,Together,573,22,1,34,9,2,Standard Customers,1,Standard Customers,2,Standard Customers
7646,36,64449.0,Graduation,Single,805,24,1,70,4,2,Standard Customers,1,Standard Customers,2,Standard Customers
1212,52,52845.0,Graduation,Married,936,25,1,7,6,2,Standard Customers,1,Standard Customers,2,Standard Customers
7453,71,36130.0,Graduation,Single,488,21,1,46,4,2,Standard Customers,1,Standard Customers,2,Standard Customers
8952,72,65569.0,Master,Married,859,23,1,96,3,2,Standard Customers,1,Standard Customers,2,Standard Customers
10634,74,59412.0,Master,Married,406,15,0,56,3,2,Standard Customers,1,Standard Customers,2,Standard Customers
6059,72,64504.0,PhD,Together,1314,25,3,81,7,2,Standard Customers,1,Standard Customers,2,Standard Customers
8911,58,56320.0,PhD,Married,702,21,1,11,4,2,Standard Customers,1,Standard Customers,2,Standard Customers
8985,61,68316.0,2n Cycle,Together,1211,32,1,54,6,2,Standard Customers,1,Standard Customers,2,Standard Customers
9220,54,91700.0,Graduation,Single,1968,20,0,58,3,1,Premium Customers,0,Premium Customers,2,Standard Customers
9888,56,68695.0,Graduation,Together,1091,16,0,3,2,1,Premium Customers,0,Premium Customers,2,Standard Customers
5863,72,47703.0,Graduation,Married,655,21,1,95,5,2,Standard Customers,1,Standard Customers,2,Standard Customers
3717,66,61180.0,Graduation,Married,704,18,1,70,3,2,Standard Customers,1,Standard Customers,2,Standard Customers
10749,34,8028.0,Graduation,Single,178,16,0,62,19,0,Budget Shoppers,1,Standard Customers,2,Standard Customers
4002,65,77037.0,PhD,Married,1123,27,1,3,3,1,Premium Customers,0,Premium Customers,2,Standard Customers
8870,41,35196.0,Graduation,Together,497,18,1,68,8,2,Standard Customers,1,Standard Customers,2,Standard Customers
966,59,44529.0,Graduation,Married,691,25,1,98,5,2,Standard Customers,1,Standard Customers,2,Standard Customers
4475,76,69098.0,PhD,Married,2440,25,0,82,5,1,Premium Customers,0,Premium Customers,2,Standard Customers
7290,40,70596.0,Graduation,Single,968,21,0,68,2,1,Premium Customers,0,Premium Customers,2,Standard Customers
4507,73,72228.0,Graduation,Single,1250,22,0,87,3,1,Premium Customers,0,Premium Customers,2,Standard Customers
11013,38,67605.0,Graduation,Together,938,17,0,84,1,1,Premium Customers,0,Premium Customers,2,Standard Customers
4491,76,62845.0,Master,Married,1178,28,2,3,8,2,Standard Customers,1,Standard Customers,2,Standard Customers
3759,67,65196.0,Graduation,Together,1155,26,2,34,5,2,Standard Customers,1,Standard Customers,2,Standard Customers
1162,38,42000.0,PhD,Single,653,20,0,23,5,2,Standard Customers,0,Premium Customers,2,Standard Customers
10766,61,65526.0,PhD,Married,506,17,1,22,2,2,Standard Customers,1,Standard Customers,2,Standard Customers
2223,60,64176.0,2n Cycle,Divorced,1826,33,1,52,6,2,Standard Customers,1,Standard Customers,2,Standard Customers
2875,47,67023.0,Graduation,Married,906,24,0,93,2,1,Premium Customers,1,Standard Customers,2,Standard Customers
11112,59,70713.0,Graduation,Together,1477,25,1,23,3,1,Premium Customers,1,Standard Customers,2,Standard Customers
3807,70,59925.0,Graduation,Together,766,23,1,83,6,2,Standard Customers,1,Standard Customers,2,Standard Customers
10832,67,46610.0,Graduation,Together,467,14,0,4,6,2,Standard Customers,1,Standard Customers,2,Standard Customers
3535,60,66294.0,Graduation,Single,967,13,0,68,2,1,Premium Customers,0,Premium Customers,2,Standard Customers
8707,69,79456.0,Graduation,Married,1401,16,0,12,3,1,Premium Customers,0,Premium Customers,2,Standard Customers
6295,48,54233.0,Graduation,Married,981,26,1,46,8,2,Standard Customers,1,Standard Customers,2,Standard Customers
7348,67,71691.0,PhD,Single,1192,17,0,0,2,1,Premium Customers,0,Premium Customers,2,Standard Customers
4944,66,71367.0,Graduation,Together,777,17,0,24,2,1,Premium Customers,0,Premium Customers,2,Standard Customers
9964,46,61825.0,Graduation,Single,424,15,1,56,4,2,Standard Customers,1,Standard Customers,2,Standard Customers
4790,67,79803.0,Graduation,Divorced,868,13,1,54,1,2,Standard Customers,1,Standard Customers,2,Standard Customers
10245,39,80910.0,2n Cycle,Single,756,15,0,71,1,1,Premium Customers,1,Standard Customers,2,Standard Customers
6001,46,56775.0,Graduation,Married,937,25,1,62,5,2,Standard Customers,1,Standard Customers,2,Standard Customers
10552,46,54210.0,2n Cycle,Married,367,14,1,18,5,0,Budget Shoppers,1,Standard Customers,2,Standard Customers
1545,39,38508.0,Graduation,Married,443,20,1,95,8,2,Standard Customers,1,Standard Customers,2,Standard Customers
4741,51,65463.0,2n Cycle,Married,562,19,1,17,5,2,Standard Customers,1,Standard Customers,2,Standard Customers
375,71,76773.0,Graduation,Divorced,1156,16,0,79,1,1,Premium Customers,0,Premium Customers,2,Standard Customers
7451,65,98777.0,Master,Single,2008,19,0,23,1,1,Premium Customers,0,Premium Customers,2,Standard Customers
1175,42,36262.0,Master,Married,426,12,0,24,6,0,Budget Shoppers,1,Standard Customers,2,Standard Customers
2320,47,47025.0,2n Cycle,Married,635,23,1,98,9,2,Standard Customers,1,Standard Customers,2,Standard Customers
850,57,70566.0,Graduation,Single,757,22,1,4,3,2,Standard Customers,0,Premium Customers,2,Standard Customers
6749,59,86358.0,Graduation,Single,1722,18,2,78,8,2,Standard Customers,1,Standard Customers,2,Standard Customers
4756,73,63998.0,2n Cycle,Divorced,1168,25,0,42,4,1,Premium Customers,0,Premium Customers,2,Standard Customers
3412,74,67381.0,Master,Married,957,17,1,67,7,2,Standard Customers,1,Standard Customers,2,Standard Customers
8015,63,85696.0,PhD,Divorced,1313,20,0,88,1,1,Premium Customers,0,Premium Customers,2,Standard Customers
849,72,56129.0,Master,Together,660,22,1,65,4,2,Standard Customers,1,Standard Customers,2,Standard Customers
819,80,63285.0,Graduation,Widow,1103,25,0,84,3,1,Premium Customers,1,Standard Customers,2,Standard Customers
5430,69,54450.0,Graduation,Together,684,31,2,0,8,2,Standard Customers,1,Standard Customers,2,Standard Customers
1453,82,57513.0,PhD,Widow,1060,27,0,59,6,2,Standard Customers,1,Standard Customers,2,Standard Customers
8310,61,68142.0,Graduation,Together,1459,24,1,96,6,1,Premium Customers,1,Standard Customers,2,Standard Customers
967,49,46049.0,Graduation,Married,515,26,2,11,7,2,Standard Customers,1,Standard Customers,2,Standard Customers
1077,51,56715.0,Graduation,Together,1020,15,0,52,4,1,Premium Customers,0,Premium Customers,2,Standard Customers
7959,64,79410.0,Graduation,Married,1370,11,0,19,1,1,Premium Customers,0,Premium Customers,2,Standard Customers
640,74,57304.0,Graduation,Married,1026,25,1,61,5,2,Standard Customers,1,Standard Customers,2,Standard Customers
8432,69,54450.0,Graduation,Together,684,31,2,0,8,2,Standard Customers,1,Standard Customers,2,Standard Customers
6218,60,59594.0,Graduation,Married,499,17,1,74,7,2,Standard Customers,1,Standard Customers,2,Standard Customers
6905,31,80685.0,Graduation,Together,1004,21,0,55,2,1,Premium Customers,0,Premium Customers,2,Standard Customers
3598,53,62710.0,Graduation,Married,606,22,1,53,4,2,Standard Customers,1,Standard Customers,2,Standard Customers
10486,77,77142.0,Graduation,Married,990,17,0,54,2,1,Premium Customers,1,Standard Customers,2,Standard Customers
2410,56,81657.0,Graduation,Single,1097,16,0,69,1,1,Premium Customers,0,Premium Customers,2,Standard Customers
8278,35,74214.0,PhD,Married,1711,16,0,3,5,1,Premium Customers,0,Premium Customers,2,Standard Customers
10660,68,66726.0,Master,Married,438,17,2,61,7,2,Standard Customers,1,Standard Customers,2,Standard Customers
10669,44,54386.0,Graduation,Married,470,17,1,8,3,2,Standard Customers,1,Standard Customers,2,Standard Customers
1829,64,54959.0,PhD,Divorced,1232,21,1,55,7,2,Standard Customers,1,Standard Customers,2,Standard Customers
590,55,78579.0,Master,Divorced,1812,16,0,35,3,1,Premium Customers,0,Premium Customers,2,Standard Customers
6283,57,63841.0,Master,Divorced,908,22,1,64,6,2,Standard Customers,1,Standard Customers,2,Standard Customers
6606,56,70091.0,Master,Married,1161,19,1,11,8,2,Standard Customers,1,Standard Customers,2,Standard Customers
5545,53,78075.0,PhD,Married,988,14,0,72,1,1,Premium Customers,1,Standard Customers,2,Standard Customers
7342,64,59184.0,2n Cycle,Widow,1072,27,1,6,5,1,Premium Customers,1,Standard Customers,2,Standard Customers
9500,66,58113.0,Graduation,Married,758,22,1,66,7,2,Standard Customers,1,Standard Customers,2,Standard Customers
2995,68,66636.0,Master,Together,1084,17,0,64,1,1,Premium Customers,0,Premium Customers,2,Standard Customers
1118,69,50965.0,Master,Married,685,22,1,87,8,2,Standard Customers,1,Standard Customers,2,Standard Customers
5644,68,42213.0,Graduation,Together,363,15,1,96,7,2,Standard Customers,1,Standard Customers,2,Standard Customers
7192,70,65748.0,Graduation,Together,545,18,1,58,1,2,Standard Customers,1,Standard Customers,2,Standard Customers
2324,53,77044.0,Graduation,Together,1065,31,1,12,4,1,Premium Customers,1,Standard Customers,2,Standard Customers
232,60,61559.0,Graduation,Single,530,17,1,8,3,2,Standard Customers,1,Standard Customers,2,Standard Customers
4500,34,68682.0,PhD,Together,1598,24,0,56,2,1,Premium Customers,0,Premium Customers,2,Standard Customers
257,66,75032.0,PhD,Married,1215,20,1,74,3,2,Standard Customers,1,Standard Customers,2,Standard Customers
4058,70,61284.0,PhD,Single,811,22,0,76,6,2,Standard Customers,1,Standard Customers,2,Standard Customers
843,54,64722.0,Graduation,Married,805,25,1,47,6,2,Standard Customers,1,Standard Customers,2,Standard Customers
4138,63,76624.0,Graduation,Single,899,23,1,68,1,1,Premium Customers,1,Standard Customers,2,Standard Customers
7718,78,66000.0,Master,Together,711,10,0,36,1,1,Premium Customers,0,Premium Customers,2,Standard Customers
6862,54,1730.0,Graduation,Divorced,8,15,0,65,20,0,Budget Shoppers,1,Standard Customers,2,Standard Customers
10833,50,65106.0,Graduation,Married,973,27,1,55,6,2,Standard Customers,1,Standard Customers,2,Standard Customers
8534,73,67433.0,Graduation,Married,992,28,2,51,4,2,Standard Customers,1,Standard Customers,2,Standard Customers
5153,58,77766.0,PhD,Married,1529,34,1,97,6,1,Premium Customers,1,Standard Customers,2,Standard Customers
961,53,74716.0,Graduation,Married,860,17,1,92,4,1,Premium Customers,1,Standard Customers,2,Standard Customers
5011,62,68118.0,Graduation,Divorced,928,23,1,51,6,2,Standard Customers,1,Standard Customers,2,Standard Customers
9094,70,62972.0,2n Cycle,Married,587,16,1,39,6,2,Standard Customers,1,Standard Customers,2,Standard Customers
810,50,74190.0,Graduation,Married,641,19,1,49,2,1,Premium Customers,1,Standard Customers,2,Standard Customers
5207,62,53378.0,PhD,Married,793,29,2,41,8,2,Standard Customers,1,Standard Customers,2,Standard Customers
9400,67,85485.0,2n Cycle,Single,1383,19,0,73,2,1,Premium Customers,0,Premium Customers,2,Standard Customers
1740,81,55956.0,Graduation,Married,999,16,0,22,4,2,Standard Customers,1,Standard Customers,2,Standard Customers
7488,62,64191.0,Master,Single,825,24,1,30,3,2,Standard Customers,0,Premium Customers,2,Standard Customers
635,59,57183.0,Master,Married,610,25,2,51,8,2,Standard Customers,1,Standard Customers,2,Standard Customers
10319,54,66303.0,Graduation,Married,1286,22,1,56,8,2,Standard Customers,1,Standard Customers,2,Standard Customers
7384,74,39767.0,Master,Together,485,17,0,18,8,2,Standard Customers,1,Standard Customers,2,Standard Customers
5043,74,26997.0,Basic,Married,434,13,0,89,7,2,Standard Customers,1,Standard Customers,2,Standard Customers
339,53,57091.0,PhD,Married,496,18,1,82,7,2,Standard Customers,1,Standard Customers,2,Standard Customers
378,54,52531.0,Graduation,Married,794,21,0,68,6,2,Standard Customers,1,Standard Customers,2,Standard Customers
5543,59,57811.0,Graduation,Together,802,25,1,49,5,2,Standard Customers,1,Standard Customers,2,Standard Customers
6055,46,71626.0,Graduation,Married,1305,19,0,94,3,1,Premium Customers,0,Premium Customers,2,Standard Customers
5841,59,60894.0,Graduation,Together,832,26,1,61,7,2,Standard Customers,1,Standard Customers,2,Standard Customers
6658,53,59868.0,Graduation,Together,1194,32,1,37,6,2,Standard Customers,1,Standard Customers,2,Standard Customers
4603,65,65695.0,PhD,Married,656,21,1,50,4,2,Standard Customers,1,Standard Customers,2,Standard Customers
8427,69,64857.0,Master,Single,1540,23,0,78,4,1,Premium Customers,0,Premium Customers,2,Standard Customers
7143,70,74805.0,2n Cycle,Together,820,26,1,14,2,1,Premium Customers,1,Standard Customers,2,Standard Customers
8789,36,59060.0,2n Cycle,Married,274,14,1,77,4,0,Budget Shoppers,1,Standard Customers,2,Standard Customers
4554,60,47009.0,Graduation,Together,448,17,1,89,4,2,Standard Customers,1,Standard Customers,2,Standard Customers
1650,65,81843.0,Master,Married,1643,27,0,13,3,1,Premium Customers,0,Premium Customers,2,Standard Customers
9212,63,72828.0,Master,Married,1678,28,1,17,7,2,Standard Customers,1,Standard Customers,2,Standard Customers
4246,43,6560.0,Master,Single,373,2,0,2,17,0,Budget Shoppers,2,Budget Shoppers,2,Standard Customers
158,80,71604.0,PhD,Together,1196,17,0,3,4,1,Premium Customers,1,Standard Customers,2,Standard Customers
5621,56,48752.0,Graduation,Married,316,17,2,8,9,2,Standard Customers,2,Budget Shoppers,2,Standard Customers
5147,77,90842.0,Graduation,Single,1424,27,0,57,1,1,Premium Customers,0,Premium Customers,2,Standard Customers
11039,50,51948.0,Graduation,Married,311,13,1,51,5,0,Budget Shoppers,1,Standard Customers,2,Standard Customers
9495,43,71853.0,Graduation,Together,1149,17,0,29,1,1,Premium Customers,0,Premium Customers,2,Standard Customers
9386,63,50127.0,Graduation,Together,320,13,1,88,6,0,Budget Shoppers,1,Standard Customers,2,Standard Customers
873,76,62845.0,Master,Married,1178,28,2,3,8,2,Standard Customers,1,Standard Customers,2,Standard Customers
4698,42,50150.0,PhD,Married,410,16,0,32,5,2,Standard Customers,1,Standard Customers,2,Standard Customers
7793,49,62061.0,Graduation,Together,800,24,1,12,6,2,Standard Customers,1,Standard Customers,2,Standard Customers
1745,63,85696.0,PhD,Divorced,1313,20,0,88,1,1,Premium Customers,0,Premium Customers,2,Standard Customers
10590,69,76542.0,PhD,Together,1483,23,0,91,2,1,Premium Customers,0,Premium Customers,2,Standard Customers
5080,32,70515.0,Graduation,Single,1258,17,0,12,2,1,Premium Customers,0,Premium Customers,2,Standard Customers
3834,63,69627.0,Graduation,Single,861,23,1,35,5,1,Premium Customers,1,Standard Customers,2,Standard Customers
7712,79,62159.0,PhD,Single,634,19,0,68,4,2,Standard Customers,1,Standard Customers,2,Standard Customers
1065,62,80695.0,Graduation,Single,1918,19,0,85,2,1,Premium Customers,0,Premium Customers,2,Standard Customers
1343,57,58554.0,Graduation,Together,586,22,2,55,7,2,Standard Customers,1,Standard Customers,2,Standard Customers
9967,51,53034.0,Graduation,Divorced,447,22,2,30,8,2,Standard Customers,1,Standard Customers,2,Standard Customers
6181,75,52203.0,2n Cycle,Together,939,27,0,36,6,2,Standard Customers,0,Premium Customers,2,Standard Customers
10507,48,59601.0,2n Cycle,Divorced,797,15,1,14,8,2,Standard Customers,1,Standard Customers,2,Standard Customers
2674,67,75154.0,Master,Single,1143,16,1,79,3,1,Premium Customers,1,Standard Customers,2,Standard Customers
5675,65,50611.0,PhD,Divorced,493,22,1,98,6,2,Standard Customers,1,Standard Customers,2,Standard Customers
4743,56,56242.0,PhD,Married,971,28,1,72,6,2,Standard Customers,1,Standard Customers,2,Standard Customers
8773,54,57420.0,Master,Together,322,15,1,22,7,2,Standard Customers,1,Standard Customers,2,Standard Customers
2963,46,75507.0,Graduation,Together,1440,21,0,56,3,1,Premium Customers,0,Premium Customers,2,Standard Customers
4405,69,63915.0,Master,Married,789,23,2,2,5,2,Standard Customers,1,Standard Customers,2,Standard Customers
3421,57,63841.0,Master,Divorced,908,22,1,64,6,2,Standard Customers,1,Standard Customers,2,Standard Customers
10490,56,51039.0,PhD,Married,417,14,2,11,7,2,Standard Customers,1,Standard Customers,2,Standard Customers
9958,53,65685.0,Graduation,Married,769,21,1,54,5,2,Standard Customers,1,Standard Customers,2,Standard Customers
6613,55,44511.0,Master,Married,727,26,1,39,8,2,Standard Customers,1,Standard Customers,2,Standard Customers
8402,72,67087.0,Master,Married,794,22,1,40,4,2,Standard Customers,0,Premium Customers,2,Standard Customers
618,48,69389.0,PhD,Married,797,22,1,17,4,2,Standard Customers,1,Standard Customers,2,Standard Customers
6376,46,57537.0,Graduation,Single,545,19,1,83,4,2,Standard Customers,1,Standard Customers,2,Standard Customers
7000,53,65704.0,2n Cycle,Single,817,23,0,18,1,1,Premium Customers,0,Premium Customers,2,Standard Customers
2561,59,63810.0,Graduation,Single,1371,23,1,45,8,2,Standard Customers,1,Standard Customers,2,Standard Customers
1362,53,31907.0,Graduation,Single,449,14,0,75,7,2,Standard Customers,1,Standard Customers,2,Standard Customers
3388,58,70844.0,Graduation,Divorced,294,17,2,16,7,2,Standard Customers,1,Standard Customers,2,Standard Customers
4682,67,51876.0,Graduation,Married,310,13,0,88,1,0,Budget Shoppers,1,Standard Customers,2,Standard Customers
8204,54,78041.0,2n Cycle,Married,1319,18,0,93,2,1,Premium Customers,0,Premium Customers,2,Standard Customers
5221,68,52852.0,Graduation,Married,879,26,1,93,8,2,Standard Customers,1,Standard Customers,2,Standard Customers
1232,43,70038.0,PhD,Together,1244,17,0,54,2,1,Premium Customers,0,Premium Customers,2,Standard Customers
1927,52,69401.0,2n Cycle,Together,690,17,1,41,2,2,Standard Customers,1,Standard Customers,2,Standard Customers
6652,60,77343.0,Graduation,Married,1134,17,0,28,1,1,Premium Customers,0,Premium Customers,2,Standard Customers
6246,72,73892.0,Graduation,Single,1507,23,0,40,1,1,Premium Customers,0,Premium Customers,2,Standard Customers
6875,60,32727.0,PhD,Together,529,17,0,38,8,2,Standard Customers,1,Standard Customers,2,Standard Customers
4399,56,68695.0,Graduation,Together,1091,16,0,3,2,1,Premium Customers,0,Premium Customers,2,Standard Customers
2525,51,38410.0,PhD,Married,534,18,0,65,6,2,Standard Customers,0,Premium Customers,2,Standard Customers
8233,75,64866.0,Master,Widow,556,21,1,9,5,2,Standard Customers,1,Standard Customers,2,Standard Customers
9483,66,57957.0,Graduation,Together,637,25,1,24,3,2,Standard Customers,1,Standard Customers,2,Standard Customers
10524,62,49476.0,Master,Divorced,795,22,1,29,2,2,Standard Customers,1,Standard Customers,2,Standard Customers
4406,55,67419.0,Graduation,Together,1471,25,1,29,5,2,Standard Customers,1,Standard Customers,2,Standard Customers
25,67,65148.0,Graduation,Married,1115,21,1,9,4,2,Standard Customers,1,Standard Customers,2,Standard Customers
217,69,64857.0,Master,Single,1540,23,0,78,4,1,Premium Customers,0,Premium Customers,2,Standard Customers
9559,64,57072.0,PhD,Married,1034,27,1,79,5,2,Standard Customers,1,Standard Customers,2,Standard Customers
2849,46,60474.0,Graduation,Single,1180,31,1,25,7,2,Standard Customers,1,Standard Customers,2,Standard Customers
7787,65,62807.0,Graduation,Together,819,23,1,83,5,2,Standard Customers,1,Standard Customers,2,Standard Customers
8370,49,75484.0,2n Cycle,Together,1159,18,1,50,4,1,Premium Customers,0,Premium Customers,2,Standard Customers
9988,49,70379.0,Master,Single,860,25,1,84,4,2,Standard Customers,1,Standard Customers,2,Standard Customers
2939,55,79419.0,Master,Together,1631,15,0,96,2,1,Premium Customers,0,Premium Customers,2,Standard Customers
5763,53,49854.0,Master,Together,380,18,1,63,6,2,Standard Customers,1,Standard Customers,2,Standard Customers
3478,54,60585.0,PhD,Married,736,30,2,17,5,2,Standard Customers,1,Standard Customers,2,Standard Customers
7250,47,57867.0,Graduation,Together,612,25,1,48,6,2,Standard Customers,1,Standard Customers,2,Standard Customers
10770,66,65492.0,Graduation,Married,1045,26,0,73,2,1,Premium Customers,0,Premium Customers,2,Standard Customers
2072,56,53374.0,PhD,Together,1064,21,1,34,9,2,Standard Customers,1,Standard Customers,2,Standard Customers
9463,66,71706.0,Graduation,Together,1443,25,1,16,5,2,Standard Customers,1,Standard Customers,2,Standard Customers
6318,37,68487.0,Graduation,Married,1366,30,0,48,4,1,Premium Customers,1,Standard Customers,2,Standard Customers
4093,50,53253.0,Master,Together,436,19,2,61,5,2,Standard Customers,1,Standard Customers,2,Standard Customers
3594,52,54108.0,Master,Married,747,32,2,74,8,2,Standard Customers,1,Standard Customers,2,Standard Customers
3584,70,49667.0,PhD,Single,1396,22,0,35,8,2,Standard Customers,1,Standard Customers,2,Standard Customers
851,53,57136.0,Master,Married,642,26,2,48,6,2,Standard Customers,1,Standard Customers,2,Standard Customers
7706,50,46772.0,2n Cycle,Together,1048,30,1,88,8,1,Premium Customers,1,Standard Customers,2,Standard Customers
3967,54,78931.0,PhD,Married,943,24,0,19,1,1,Premium Customers,0,Premium Customers,2,Standard Customers
10128,67,53977.0,Graduation,Together,907,27,1,21,5,2,Standard Customers,1,Standard Customers,2,Standard Customers
486,37,84219.0,Graduation,Married,1198,18,0,27,1,1,Premium Customers,0,Premium Customers,2,Standard Customers
9451,60,73538.0,Graduation,Married,1658,26,1,92,7,1,Premium Customers,1,Standard Customers,2,Standard Customers
9264,39,79529.0,Graduation,Married,1638,22,0,1,2,1,Premium Customers,0,Premium Customers,2,Standard Customers
2853,45,51766.0,Graduation,Single,275,12,1,74,5,0,Budget Shoppers,1,Standard Customers,2,Standard Customers
1490,63,55759.0,Graduation,Married,854,26,1,84,8,2,Standard Customers,1,Standard Customers,2,Standard Customers
4278,42,87188.0,PhD,Single,1923,19,0,73,3,1,Premium Customers,0,Premium Customers,2,Standard Customers
8643,54,69930.0,Graduation,Together,1662,22,0,21,3,1,Premium Customers,0,Premium Customers,2,Standard Customers
2408,49,58597.0,Graduation,Married,733,32,2,20,7,2,Standard Customers,1,Standard Customers,2,Standard Customers
202,77,82032.0,PhD,Widow,1234,17,0,54,1,1,Premium Customers,0,Premium Customers,2,Standard Customers
6050,50,57036.0,2n Cycle,Married,1513,26,1,33,9,2,Standard Customers,1,Standard Customers,2,Standard Customers
125,67,53083.0,2n Cycle,Together,271,17,2,65,7,2,Standard Customers,1,Standard Customers,2,Standard Customers
3463,50,69283.0,PhD,Married,904,27,1,41,5,2,Standard Customers,1,Standard Customers,2,Standard Customers
10530,66,67786.0,PhD,Widow,1156,16,0,0,1,1,Premium Customers,0,Premium Customers,2,Standard Customers
1079,54,71969.0,PhD,Married,1086,19,1,59,8,2,Standard Customers,1,Standard Customers,2,Standard Customers
8920,58,59235.0,Master,Single,1128,28,1,4,7,2,Standard Customers,1,Standard Customers,2,Standard Customers
3852,64,74881.0,Master,Together,964,27,2,48,5,2,Standard Customers,1,Standard Customers,2,Standard Customers
528,47,65819.0,Graduation,Married,1383,20,0,99,3,1,Premium Customers,0,Premium Customers,2,Standard Customers
5589,61,51983.0,Graduation,Divorced,793,24,1,95,7,2,Standard Customers,1,Standard Customers,2,Standard Customers
591,68,66033.0,Graduation,Widow,677,20,1,76,7,2,Standard Customers,1,Standard Customers,2,Standard Customers
7725,60,76800.0,2n Cycle,Married,641,16,0,33,1,1,Premium Customers,0,Premium Customers,2,Standard Customers
8091,69,63943.0,Graduation,Married,1106,17,1,50,5,1,Premium Customers,1,Standard Customers,2,Standard Customers
5462,51,67445.0,Graduation,Married,1174,32,1,63,6,2,Standard Customers,1,Standard Customers,2,Standard Customers
2793,49,70179.0,PhD,Divorced,1034,26,1,10,5,2,Standard Customers,1,Standard Customers,2,Standard Customers
4828,71,79865.0,Graduation,Divorced,792,21,1,12,1,1,Premium Customers,0,Premium Customers,2,Standard Customers
7476,61,63972.0,Master,Single,1269,23,1,93,4,2,Standard Customers,1,Standard Customers,2,Standard Customers
4390,71,75315.0,Graduation,Together,841,23,1,14,2,2,Standard Customers,0,Premium Customers,2,Standard Customers
10478,75,55517.0,PhD,Married,633,23,2,53,9,2,Standard Customers,1,Standard Customers,2,Standard Customers
1081,68,75283.0,PhD,Married,1019,25,3,26,4,2,Standard Customers,1,Standard Customers,2,Standard Customers
6257,49,60482.0,Master,Single,507,17,1,81,7,2,Standard Customers,1,Standard Customers,2,Standard Customers
9952,78,78093.0,Master,Together,1105,17,0,53,1,1,Premium Customers,0,Premium Customers,2,Standard Customers
3503,75,82460.0,Graduation,Divorced,974,15,0,78,1,1,Premium Customers,0,Premium Customers,2,Standard Customers
4608,38,81361.0,Graduation,Divorced,778,27,0,18,1,1,Premium Customers,0,Premium Customers,2,Standard Customers
2471,60,61482.0,Graduation,Married,299,12,0,39,2,0,Budget Shoppers,1,Standard Customers,2,Standard Customers
5185,70,74268.0,Graduation,Married,892,13,0,83,2,1,Premium Customers,1,Standard Customers,2,Standard Customers
7022,54,76445.0,Graduation,Married,1410,21,1,2,6,1,Premium Customers,0,Premium Customers,2,Standard Customers
5272,60,53843.0,Master,Married,562,20,1,64,7,2,Standard Customers,1,Standard Customers,2,Standard Customers
2565,70,70638.0,Master,Divorced,1334,20,0,69,3,2,Standard Customers,1,Standard Customers,2,Standard Customers
8969,48,71855.0,Graduation,Married,1141,25,1,59,3,2,Standard Customers,1,Standard Customers,2,Standard Customers
4656,35,51250.0,2n Cycle,Single,710,24,1,28,9,2,Standard Customers,1,Standard Customers,2,Standard Customers
9971,61,65526.0,PhD,Married,506,17,1,22,2,2,Standard Customers,1,Standard Customers,2,Standard Customers
6729,37,68655.0,Graduation,Single,1538,21,0,95,3,1,Premium Customers,0,Premium Customers,2,Standard Customers
9242,35,64509.0,Graduation,Single,1722,19,0,19,4,1,Premium Customers,1,Standard Customers,2,Standard Customers
10099,41,55434.0,Graduation,Married,882,24,1,21,4,1,Premium Customers,1,Standard Customers,2,Standard Customers
3298,69,52973.0,Master,Married,1152,31,1,92,8,2,Standard Customers,1,Standard Customers,2,Standard Customers
8286,60,51717.0,PhD,Together,122,8,1,55,7,0,Budget Shoppers,1,Standard Customers,2,Standard Customers
5120,43,66664.0,2n Cycle,Together,1289,19,0,78,3,1,Premium Customers,0,Premium Customers,2,Standard Customers
6097,66,50664.0,Graduation,Single,561,24,2,64,9,2,Standard Customers,1,Standard Customers,2,Standard Customers
8041,54,47111.0,PhD,Widow,1092,21,1,35,9,2,Standard Customers,1,Standard Customers,2,Standard Customers
252,62,41003.0,PhD,Divorced,601,17,0,11,6,2,Standard Customers,1,Standard Customers,2,Standard Customers
3859,78,73059.0,PhD,Together,1095,26,1,36,4,2,Standard Customers,1,Standard Customers,2,Standard Customers
10906,77,46681.0,PhD,Together,425,16,2,52,5,2,Standard Customers,1,Standard Customers,2,Standard Customers
3427,70,59821.0,PhD,Married,734,26,1,11,8,2,Standard Customers,1,Standard Customers,2,Standard Customers
5209,71,50002.0,Graduation,Divorced,638,19,1,21,7,2,Standard Customers,1,Standard Customers,2,Standard Customers
10711,80,69755.0,Graduation,Married,894,22,0,23,1,1,Premium Customers,0,Premium Customers,2,Standard Customers
6575,44,56386.0,Graduation,Together,612,25,2,51,9,2,Standard Customers,1,Standard Customers,2,Standard Customers
3091,44,75774.0,2n Cycle,Together,823,21,1,27,4,1,Premium Customers,0,Premium Customers,2,Standard Customers
7005,44,58684.0,Graduation,Single,813,21,0,71,2,2,Standard Customers,1,Standard Customers,2,Standard Customers
6409,58,57136.0,Graduation,Divorced,1179,20,0,18,6,1,Premium Customers,0,Premium Customers,2,Standard Customers
8395,64,82014.0,Graduation,Single,1511,22,0,48,6,1,Premium Customers,0,Premium Customers,2,Standard Customers
2295,71,62670.0,PhD,Married,825,22,1,57,3,2,Standard Customers,1,Standard Customers,2,Standard Customers
1378,53,50334.0,2n Cycle,Together,694,23,1,24,6,2,Standard Customers,1,Standard Customers,2,Standard Customers
1165,67,50729.0,PhD,Single,496,24,2,62,6,2,Standard Customers,1,Standard Customers,2,Standard Customers
6457,49,64892.0,Graduation,Divorced,902,24,1,77,4,2,Standard Customers,1,Standard Customers,2,Standard Customers
6912,58,63246.0,PhD,Married,772,22,2,60,4,2,Standard Customers,1,Standard Customers,2,Standard Customers
5299,55,69084.0,PhD,Married,1586,25,1,43,8,2,Standard Customers,1,Standard Customers,2,Standard Customers
4127,58,77766.0,PhD,Married,1529,34,1,97,6,1,Premium Customers,1,Standard Customers,2,Standard Customers
1964,74,86610.0,Graduation,Together,1603,18,0,66,2,1,Premium Customers,0,Premium Customers,2,Standard Customers
3389,55,69016.0,Graduation,Married,1533,34,1,61,5,1,Premium Customers,1,Standard Customers,2,Standard Customers
1891,45,78789.0,Master,Divorced,1754,16,0,12,2,1,Premium Customers,0,Premium Customers,2,Standard Customers
9256,54,58350.0,Graduation,Single,1001,27,1,5,6,2,Standard Customers,1,Standard Customers,2,Standard Customers
295,36,81217.0,Graduation,Single,1157,22,0,77,1,1,Premium Customers,0,Premium Customers,2,Standard Customers
7397,74,49090.0,Graduation,Single,688,21,1,45,7,2,Standard Customers,1,Standard Customers,2,Standard Customers
6349,38,61787.0,Master,Divorced,1319,19,0,71,5,1,Premium Customers,0,Premium Customers,2,Standard Customers
550,73,62335.0,Graduation,Divorced,708,21,1,87,2,2,Standard Customers,0,Premium Customers,2,Standard Customers
4676,74,73705.0,Master,Widow,1695,25,2,86,5,1,Premium Customers,1,Standard Customers,2,Standard Customers
8852,49,61064.0,Graduation,Married,1080,28,1,80,6,2,Standard Customers,1,Standard Customers,2,Standard Customers
1958,52,55012.0,PhD,Together,660,25,1,85,5,2,Standard Customers,1,Standard Customers,2,Standard Customers
7732,47,64813.0,Graduation,Married,745,20,1,81,5,2,Standard Customers,1,Standard Customers,2,Standard Customers
10340,41,35196.0,Graduation,Together,497,18,1,68,8,2,Standard Customers,1,Standard Customers,2,Standard Customers
10091,69,60230.0,Graduation,Single,1067,17,1,78,5,2,Standard Customers,1,Standard Customers,2,Standard Customers
3498,49,55424.0,PhD,Married,877,25,1,6,6,2,Standard Customers,1,Standard Customers,2,Standard Customers
1000,64,74881.0,Master,Together,964,27,2,48,5,2,Standard Customers,1,Standard Customers,2,Standard Customers
3828,74,71107.0,Graduation,Married,1327,28,1,61,4,1,Premium Customers,0,Premium Customers,2,Standard Customers
2499,67,75342.0,2n Cycle,Single,563,18,1,38,4,2,Standard Customers,1,Standard Customers,2,Standard Customers
10092,71,70044.0,Graduation,Divorced,1504,26,1,46,5,2,Standard Customers,1,Standard Customers,2,Standard Customers
7500,58,79146.0,Graduation,Single,564,19,2,33,6,2,Standard Customers,1,Standard Customers,2,Standard Customers
48,61,55761.0,Graduation,Together,184,10,1,97,6,0,Budget Shoppers,1,Standard Customers,2,Standard Customers
10814,78,70321.0,Graduation,Together,1376,25,0,6,4,1,Premium Customers,0,Premium Customers,2,Standard Customers
9710,56,58086.0,PhD,Divorced,792,23,1,80,8,2,Standard Customers,1,Standard Customers,2,Standard Customers
9292,73,81795.0,Graduation,Married,1382,23,0,74,2,1,Premium Customers,0,Premium Customers,2,Standard Customers
7881,79,66835.0,Master,Married,1033,24,0,21,2,2,Standard Customers,0,Premium Customers,2,Standard Customers
5847,56,69901.0,Graduation,Divorced,882,23,1,95,5,2,Standard Customers,1,Standard Customers,2,Standard Customers
3571,64,63342.0,PhD,Together,1101,19,1,48,6,2,Standard Customers,1,Standard Customers,2,Standard Customers
7807,51,44989.0,Graduation,Married,369,16,1,26,6,2,Standard Customers,1,Standard Customers,2,Standard Customers
5092,76,51569.0,PhD,Widow,467,19,1,39,8,2,Standard Customers,1,Standard Customers,2,Standard Customers
5883,53,77981.0,Graduation,Married,664,21,1,78,5,2,Standard Customers,1,Standard Customers,2,Standard Customers
2118,61,62905.0,2n Cycle,Married,622,20,1,68,4,2,Standard Customers,1,Standard Customers,2,Standard Customers
6616,50,59481.0,Graduation,Together,461,16,1,47,2,2,Standard Customers,1,Standard Customers,2,Standard Customers
2797,48,72117.0,Graduation,Married,1073,26,1,34,5,2,Standard Customers,1,Standard Customers,2,Standard Customers
9167,69,67131.0,Graduation,Married,976,26,1,72,6,2,Standard Customers,1,Standard Customers,2,Standard Customers
2631,43,71853.0,Graduation,Together,1149,17,0,29,1,1,Premium Customers,0,Premium Customers,2,Standard Customers
8895,40,70596.0,Graduation,Single,968,21,0,68,2,1,Premium Customers,0,Premium Customers,2,Standard Customers
8584,73,85431.0,PhD,Together,1165,17,0,54,0,1,Premium Customers,0,Premium Customers,2,Standard Customers
2681,41,65370.0,2n Cycle,Married,461,19,0,1,1,1,Premium Customers,1,Standard Customers,2,Standard Customers
9645,57,64590.0,Graduation,Married,1338,24,0,98,6,1,Premium Customers,0,Premium Customers,2,Standard Customers
10678,66,71232.0,Graduation,Together,917,25,1,91,7,2,Standard Customers,1,Standard Customers,2,Standard Customers
1513,46,60839.0,2n Cycle,Together,1250,29,2,72,8,2,Standard Customers,1,Standard Customers,2,Standard Customers
6173,46,77298.0,Graduation,Together,969,24,1,46,3,1,Premium Customers,0,Premium Customers,2,Standard Customers
7002,70,62535.0,Graduation,Single,398,14,1,13,3,2,Standard Customers,1,Standard Customers,2,Standard Customers
762,44,75774.0,2n Cycle,Together,823,21,1,27,4,1,Premium Customers,0,Premium Customers,2,Standard Customers
2831,49,78416.0,Graduation,Together,1179,26,1,99,3,1,Premium Customers,0,Premium Customers,2,Standard Customers
9284,67,53977.0,Graduation,Together,907,27,1,21,5,2,Standard Customers,1,Standard Customers,2,Standard Customers
6237,59,7144.0,PhD,Single,416,25,2,92,0,2,Standard Customers,1,Standard Customers,2,Standard Customers
1619,69,90369.0,Graduation,Married,1588,17,0,2,1,1,Premium Customers,0,Premium Customers,2,Standard Customers
1990,51,63159.0,PhD,Single,1797,17,0,74,3,1,Premium Customers,1,Standard Customers,2,Standard Customers
269,62,46757.0,PhD,Single,1143,21,1,71,9,2,Standard Customers,1,Standard Customers,2,Standard Customers
10177,71,72071.0,Graduation,Divorced,1338,20,1,4,2,1,Premium Customers,0,Premium Customers,2,Standard Customers
5782,43,58582.0,2n Cycle,Together,763,22,1,15,5,2,Standard Customers,1,Standard Customers,2,Standard Customers
10057,74,72282.0,Graduation,Single,1331,22,0,70,7,1,Premium Customers,0,Premium Customers,2,Standard Customers
9166,57,63967.0,Graduation,Married,882,23,1,57,2,2,Standard Customers,1,Standard Customers,2,Standard Customers
1440,47,52513.0,2n Cycle,Together,1149,25,0,84,7,1,Premium Customers,1,Standard Customers,2,Standard Customers
5302,39,78394.0,Graduation,Together,1428,16,0,13,2,1,Premium Customers,0,Premium Customers,2,Standard Customers
4687,67,80739.0,Master,Married,1633,24,0,92,1,1,Premium Customers,0,Premium Customers,2,Standard Customers
7129,63,54693.0,PhD,Married,929,31,1,72,6,2,Standard Customers,1,Standard Customers,2,Standard Customers
7849,55,80336.0,PhD,Married,1052,25,0,12,1,1,Premium Customers,0,Premium Customers,2,Standard Customers
332,68,47743.0,Graduation,Married,275,14,1,56,6,2,Standard Customers,1,Standard Customers,2,Standard Customers
9847,70,62972.0,2n Cycle,Married,587,16,1,39,6,2,Standard Customers,1,Standard Customers,2,Standard Customers
531,71,57333.0,PhD,Divorced,1662,33,1,55,6,2,Standard Customers,1,Standard Customers,2,Standard Customers
3170,68,68148.0,Master,Together,1042,15,0,86,2,1,Premium Customers,0,Premium Customers,2,Standard Customers
9931,62,4023.0,PhD,Married,9,15,2,29,19,0,Budget Shoppers,1,Standard Customers,2,Standard Customers
1168,47,72159.0,PhD,Married,1401,21,0,62,2,1,Premium Customers,0,Premium Customers,2,Standard Customers
9595,64,64260.0,Graduation,Together,1574,14,0,1,3,1,Premium Customers,0,Premium Customers,2,Standard Customers
10163,41,82733.0,PhD,Single,1323,20,0,28,4,1,Premium Customers,0,Premium Customers,2,Standard Customers
9029,53,70116.0,PhD,Married,1536,23,0,73,1,1,Premium Customers,0,Premium Customers,2,Standard Customers
521,40,54006.0,Graduation,Together,581,18,1,42,7,2,Standard Customers,1,Standard Customers,2,Standard Customers
1459,59,69063.0,PhD,Married,928,14,1,16,3,2,Standard Customers,1,Standard Customers,2,Standard Customers
1630,46,61825.0,Graduation,Single,424,15,1,56,4,2,Standard Customers,1,Standard Customers,2,Standard Customers
3254,54,70886.0,Graduation,Married,960,14,1,65,2,1,Premium Customers,0,Premium Customers,2,Standard Customers
3678,52,60208.0,Graduation,Widow,656,29,2,13,7,2,Standard Customers,1,Standard Customers,2,Standard Customers
8602,61,69932.0,Graduation,Divorced,1049,26,1,97,4,1,Premium Customers,0,Premium Customers,2,Standard Customers
6715,77,60200.0,PhD,Single,685,25,1,3,6,2,Standard Customers,1,Standard Customers,2,Standard Customers
3766,66,33051.0,Master,Widow,835,21,0,15,9,2,Standard Customers,0,Premium Customers,2,Standard Customers
1570,74,69702.0,PhD,Together,1039,26,1,8,4,2,Standard Customers,1,Standard Customers,2,Standard Customers
3426,50,70300.0,Graduation,Divorced,1596,26,1,89,8,2,Standard Customers,1,Standard Customers,2,Standard Customers
3074,41,70643.0,PhD,Married,1828,18,0,66,6,1,Premium Customers,0,Premium Customers,2,Standard Customers
6461,56,62772.0,Master,Single,946,23,1,74,2,2,Standard Customers,1,Standard Customers,2,Standard Customers
10702,41,52413.0,Graduation,Single,450,17,1,67,7,2,Standard Customers,1,Standard Customers,2,Standard Customers
5113,54,86979.0,PhD,Divorced,1702,16,0,67,2,1,Premium Customers,1,Standard Customers,2,Standard Customers
10858,50,76532.0,Graduation,Together,820,25,2,38,5,2,Standard Customers,1,Standard Customers,2,Standard Customers
2961,43,42081.0,Graduation,Married,382,15,1,86,6,0,Budget Shoppers,1,Standard Customers,2,Standard Customers
2747,37,67546.0,PhD,Married,2126,20,0,90,3,1,Premium Customers,0,Premium Customers,2,Standard Customers
1743,51,69719.0,Graduation,Single,801,11,0,99,1,1,Premium Customers,0,Premium Customers,2,Standard Customers
4619,80,113734.0,PhD,Single,277,27,0,9,1,2,Standard Customers,1,Standard Customers,2,Standard Customers
8780,75,59292.0,PhD,Together,507,18,1,71,3,2,Standard Customers,1,Standard Customers,2,Standard Customers
10951,57,45688.0,Graduation,Married,306,14,1,20,4,0,Budget Shoppers,1,Standard Customers,2,Standard Customers
544,71,62820.0,Graduation,Married,976,14,0,51,1,1,Premium Customers,0,Premium Customers,2,Standard Customers
17,54,60491.0,PhD,Married,1028,28,1,81,5,2,Standard Customers,1,Standard Customers,2,Standard Customers
5832,65,92556.0,2n Cycle,Together,1263,21,0,32,0,1,Premium Customers,0,Premium Customers,2,Standard Customers
5544,55,67384.0,Graduation,Single,1490,22,1,32,5,1,Premium Customers,1,Standard Customers,2,Standard Customers
6417,54,80573.0,Master,Together,1564,24,0,85,2,1,Premium Customers,0,Premium Customers,2,Standard Customers
7101,62,52278.0,PhD,Widow,1198,31,1,24,8,2,Standard Customers,1,Standard Customers,2,Standard Customers
3283,53,70932.0,2n Cycle,Married,909,22,1,57,3,1,Premium Customers,1,Standard Customers,2,Standard Customers
7966,66,80982.0,Graduation,Single,1191,30,2,48,5,2,Standard Customers,1,Standard Customers,2,Standard Customers
2181,55,70617.0,Graduation,Married,1280,14,0,45,2,1,Premium Customers,0,Premium Customers,2,Standard Customers
1867,68,64849.0,Graduation,Single,1336,19,0,42,5,1,Premium Customers,0,Premium Customers,2,Standard Customers
1518,60,62694.0,Master,Married,749,24,2,29,7,2,Standard Customers,1,Standard Customers,2,Standard Customers
6200,74,75903.0,Graduation,Married,901,23,1,50,3,1,Premium Customers,1,Standard Customers,2,Standard Customers
4827,69,54998.0,PhD,Single,455,20,1,3,4,2,Standard Customers,2,Budget Shoppers,2,Standard Customers
6250,76,54356.0,PhD,Widow,775,24,1,62,8,2,Standard Customers,1,Standard Customers,2,Standard Customers
10413,41,72570.0,Graduation,Married,1089,23,0,67,1,1,Premium Customers,0,Premium Customers,2,Standard Customers
10868,74,70792.0,Graduation,Widow,1272,19,0,82,3,1,Premium Customers,0,Premium Customers,2,Standard Customers
10676,43,63211.0,Graduation,Married,1173,20,0,3,2,1,Premium Customers,0,Premium Customers,2,Standard Customers
2495,51,83891.0,Master,Married,816,22,1,24,1,1,Premium Customers,0,Premium Customers,2,Standard Customers
2162,49,56939.0,Graduation,Married,561,18,1,19,3,2,Standard Customers,1,Standard Customers,2,Standard Customers
3434,74,80872.0,Graduation,Single,1336,19,0,60,1,1,Premium Customers,0,Premium Customers,2,Standard Customers
7919,49,72335.0,PhD,Together,2092,23,0,2,8,1,Premium Customers,0,Premium Customers,2,Standard Customers
6428,75,76842.0,PhD,Widow,1130,17,0,37,0,1,Premium Customers,0,Premium Customers,2,Standard Customers
10448,69,46998.0,Graduation,Single,377,18,1,55,7,2,Standard Customers,1,Standard Customers,2,Standard Customers
8925,60,70053.0,Master,Married,1012,26,1,38,5,2,Standard Customers,0,Premium Customers,2,Standard Customers
6203,78,74485.0,Graduation,Together,1734,26,0,58,3,1,Premium Customers,0,Premium Customers,2,Standard Customers
7165,53,64474.0,Graduation,Together,823,22,1,59,5,2,Standard Customers,1,Standard Customers,2,Standard Customers
3595,62,77226.0,Graduation,Together,1138,28,1,29,3,1,Premium Customers,0,Premium Customers,2,Standard Customers
6281,59,55686.0,Graduation,Divorced,982,16,1,27,4,2,Standard Customers,1,Standard Customers,2,Standard Customers
10311,56,4428.0,Graduation,Married,359,25,1,0,1,2,Standard Customers,1,Standard Customers,2,Standard Customers
5117,62,32632.0,2n Cycle,Married,576,18,0,32,5,2,Standard Customers,1,Standard Customers,2,Standard Customers
4552,34,51373.0,Graduation,Married,393,12,0,37,4,0,Budget Shoppers,2,Budget Shoppers,2,Standard Customers
3599,55,63684.0,Graduation,Married,1464,23,1,61,5,1,Premium Customers,1,Standard Customers,2,Standard Customers
405,61,41638.0,Graduation,Divorced,441,17,1,68,8,2,Standard Customers,1,Standard Customers,2,Standard Customers
832,59,65814.0,PhD,Together,747,23,1,90,5,2,Standard Customers,1,Standard Customers,2,Standard Customers
2002,67,71964.0,Graduation,Divorced,1870,17,0,81,3,1,Premium Customers,0,Premium Customers,2,Standard Customers
1951,44,34445.0,Basic,Married,839,27,0,92,9,2,Standard Customers,1,Standard Customers,2,Standard Customers
3262,67,68281.0,Graduation,Single,1655,25,0,31,5,1,Premium Customers,0,Premium Customers,2,Standard Customers
4954,69,48195.0,Graduation,Married,265,17,2,53,6,2,Standard Customers,1,Standard Customers,2,Standard Customers
7861,73,77027.0,Master,Married,1175,19,1,23,4,2,Standard Customers,1,Standard Customers,2,Standard Customers
4837,60,71322.0,PhD,Married,1305,28,1,57,4,2,Standard Customers,1,Standard Customers,2,Standard Customers
9323,76,49912.0,Master,Together,874,26,1,5,8,2,Standard Customers,1,Standard Customers,2,Standard Customers
3945,78,68117.0,PhD,Widow,930,25,1,80,6,2,Standard Customers,1,Standard Customers,2,Standard Customers
3799,70,67225.0,Graduation,Married,868,23,1,4,5,2,Standard Customers,1,Standard Customers,2,Standard Customers
3491,50,55914.0,Graduation,Together,1260,29,1,32,7,2,Standard Customers,1,Standard Customers,2,Standard Customers
983,41,40059.0,Graduation,Married,414,12,1,82,8,0,Budget Shoppers,1,Standard Customers,2,Standard Customers
4786,48,75330.0,Graduation,Married,1109,29,2,94,6,2,Standard Customers,1,Standard Customers,2,Standard Customers
5872,74,60689.0,Graduation,Single,639,22,1,23,3,2,Standard Customers,0,Premium Customers,2,Standard Customers
5628,43,61416.0,Graduation,Together,1665,24,0,25,6,1,Premium Customers,1,Standard Customers,2,Standard Customers
5631,34,49767.0,Graduation,Single,692,18,0,92,4,2,Standard Customers,1,Standard Customers,2,Standard Customers
4974,55,83273.0,Graduation,Single,1392,29,3,98,7,2,Standard Customers,1,Standard Customers,2,Standard Customers
4095,54,37150.0,Graduation,Married,467,21,1,80,7,2,Standard Customers,1,Standard Customers,2,Standard Customers
3507,55,76467.0,Graduation,Single,1575,14,1,44,6,1,Premium Customers,0,Premium Customers,2,Standard Customers
2079,78,81044.0,2n Cycle,Married,1208,22,0,0,1,1,Premium Customers,0,Premium Customers,2,Standard Customers
2591,66,76320.0,Graduation,Widow,932,15,1,49,2,2,Standard Customers,1,Standard Customers,2,Standard Customers
7441,52,71128.0,Graduation,Divorced,1615,27,1,80,7,1,Premium Customers,1,Standard Customers,2,Standard Customers
1071,49,70179.0,PhD,Divorced,1034,26,1,10,5,2,Standard Customers,1,Standard Customers,2,Standard Customers
10061,75,59462.0,Graduation,Married,1088,25,1,29,7,2,Standard Customers,1,Standard Customers,2,Standard Customers
7187,56,51381.5,Master,Together,721,25,2,52,3,2,Standard Customers,1,Standard Customers,2,Standard Customers
2345,43,70038.0,PhD,Together,1244,17,0,54,2,1,Premium Customers,0,Premium Customers,2,Standard Customers
10897,51,67445.0,Graduation,Married,1174,32,1,63,6,2,Standard Customers,1,Standard Customers,2,Standard Customers
123,74,67046.0,Graduation,Widow,993,15,1,92,2,1,Premium Customers,1,Standard Customers,2,Standard Customers
7899,73,77610.0,PhD,Married,1680,17,1,70,7,2,Standard Customers,1,Standard Customers,2,Standard Customers
2712,69,71866.0,Graduation,Married,715,20,1,85,3,1,Premium Customers,0,Premium Customers,2,Standard Customers
10643,38,42000.0,PhD,Single,653,20,0,23,5,2,Standard Customers,0,Premium Customers,2,Standard Customers
2254,42,69520.0,Graduation,Married,1455,21,0,95,5,1,Premium Customers,0,Premium Customers,2,Standard Customers
10281,55,64713.0,Graduation,Divorced,602,19,1,11,4,2,Standard Customers,0,Premium Customers,2,Standard Customers
3117,70,51381.5,Graduation,Single,450,15,1,95,7,2,Standard Customers,1,Standard Customers,2,Standard Customers
5396,37,68487.0,Graduation,Married,1366,30,0,48,4,1,Premium Customers,1,Standard Customers,2,Standard Customers
1052,56,56796.0,Graduation,Married,1001,27,1,24,7,2,Standard Customers,1,Standard Customers,2,Standard Customers
2802,33,87000.0,2n Cycle,Married,961,18,0,61,2,1,Premium Customers,0,Premium Customers,2,Standard Customers
6343,66,79823.0,Graduation,Married,1518,23,1,6,2,1,Premium Customers,1,Standard Customers,2,Standard Customers
1146,76,49912.0,Master,Together,874,26,1,5,8,2,Standard Customers,1,Standard Customers,2,Standard Customers
7428,50,80144.0,Graduation,Together,1367,19,0,47,1,1,Premium Customers,0,Premium Customers,2,Standard Customers
6544,76,67911.0,PhD,Together,976,27,1,63,3,2,Standard Customers,1,Standard Customers,2,Standard Customers
340,55,72967.0,Graduation,Divorced,497,19,1,1,5,2,Standard Customers,1,Standard Customers,2,Standard Customers
9729,70,58275.0,Graduation,Widow,615,23,2,48,7,2,Standard Customers,1,Standard Customers,2,Standard Customers
1008,44,44953.0,PhD,Together,1021,24,0,31,6,2,Standard Customers,1,Standard Customers,2,Standard Customers
1916,71,45736.0,Master,Married,437,19,1,92,7,2,Standard Customers,1,Standard Customers,2,Standard Customers
9907,56,66476.0,Master,Together,1013,26,1,80,4,2,Standard Customers,1,Standard Customers,2,Standard Customers
8659,73,69805.0,PhD,Together,1038,27,1,50,2,2,Standard Customers,1,Standard Customers,2,Standard Customers
6262,63,72217.0,Master,Single,1573,22,0,93,2,1,Premium Customers,0,Premium Customers,2,Standard Customers
4915,69,53230.0,2n Cycle,Married,732,23,1,86,5,2,Standard Customers,1,Standard Customers,2,Standard Customers
2115,68,50116.0,Graduation,Together,66,7,2,68,5,0,Budget Shoppers,1,Standard Customers,2,Standard Customers
2493,59,61286.0,Graduation,Married,608,18,1,34,5,2,Standard Customers,1,Standard Customers,2,Standard Customers
1631,60,65220.0,PhD,Together,1282,23,0,3,6,2,Standard Customers,0,Premium Customers,2,Standard Customers
4369,68,65487.0,Master,Absurd,1169,17,0,48,2,1,Premium Customers,0,Premium Customers,2,Standard Customers
5186,70,58482.0,PhD,Married,731,22,1,59,6,2,Standard Customers,1,Standard Customers,2,Standard Customers
10157,60,59686.0,Graduation,Single,274,12,1,78,4,0,Budget Shoppers,1,Standard Customers,2,Standard Customers
5667,61,60896.0,PhD,Married,1701,26,1,90,6,1,Premium Customers,0,Premium Customers,2,Standard Customers
2429,71,72071.0,Graduation,Divorced,1338,20,1,4,2,1,Premium Customers,0,Premium Customers,2,Standard Customers
9362,60,69263.0,Graduation,Single,568,18,1,14,6,2,Standard Customers,1,Standard Customers,2,Standard Customers
4084,50,60934.0,Graduation,Together,873,23,1,41,4,1,Premium Customers,1,Standard Customers,2,Standard Customers
6721,74,71965.0,Graduation,Married,1213,17,1,21,3,2,Standard Customers,1,Standard Customers,2,Standard Customers
1544,58,81380.0,Master,Divorced,1893,17,0,51,2,1,Premium Customers,0,Premium Customers,2,Standard Customers
4377,54,52914.0,Graduation,Married,575,15,1,32,7,2,Standard Customers,1,Standard Customers,2,Standard Customers
8858,53,44325.0,PhD,Married,542,21,1,69,8,2,Standard Customers,1,Standard Customers,2,Standard Customers
9723,65,67716.0,Graduation,Married,1016,28,1,8,5,2,Standard Customers,1,Standard Customers,2,Standard Customers
2666,53,76234.0,Master,Married,907,23,1,21,3,2,Standard Customers,1,Standard Customers,2,Standard Customers
10652,68,65487.0,Master,Together,1169,17,0,48,2,1,Premium Customers,0,Premium Customers,2,Standard Customers
4418,42,89616.0,Master,Single,1644,25,0,36,2,1,Premium Customers,0,Premium Customers,2,Standard Customers
7118,68,73803.0,Graduation,Married,1528,22,1,61,6,1,Premium Customers,1,Standard Customers,2,Standard Customers
10722,52,55593.0,Graduation,Together,546,17,1,63,6,2,Standard Customers,1,Standard Customers,2,Standard Customers
2632,71,50501.0,Graduation,Married,500,20,2,10,6,2,Standard Customers,1,Standard Customers,2,Standard Customers
10968,56,57731.0,Graduation,Single,704,26,1,0,6,2,Standard Customers,1,Standard Customers,2,Standard Customers
2736,47,73807.0,Graduation,Married,849,23,1,88,2,1,Premium Customers,1,Standard Customers,2,Standard Customers
1092,45,61014.0,Graduation,Married,1147,20,1,17,7,2,Standard Customers,1,Standard Customers,2,Standard Customers
4333,71,32144.0,Graduation,Together,54,10,2,76,7,0,Budget Shoppers,1,Standard Customers,2,Standard Customers
607,70,41769.0,2n Cycle,Divorced,521,22,1,31,8,2,Standard Customers,1,Standard Customers,2,Standard Customers
10469,44,88325.0,Graduation,Together,1623,18,0,42,2,1,Premium Customers,0,Premium Customers,2,Standard Customers
3661,30,80617.0,2n Cycle,Single,1435,19,0,42,2,1,Premium Customers,0,Premium Customers,2,Standard Customers
9589,77,82032.0,PhD,Widow,1234,17,0,54,1,1,Premium Customers,0,Premium Customers,2,Standard Customers
6261,46,58025.0,Graduation,Married,470,18,1,81,4,2,Standard Customers,1,Standard Customers,2,Standard Customers
4286,55,57642.0,PhD,Single,679,22,1,24,4,2,Standard Customers,1,Standard Customers,2,Standard Customers
4749,57,58554.0,Graduation,Together,586,22,2,55,7,2,Standard Customers,1,Standard Customers,2,Standard Customers
4478,46,63777.0,Graduation,Married,653,26,2,87,8,2,Standard Customers,1,Standard Customers,2,Standard Customers
4201,63,57967.0,Graduation,Single,468,19,1,39,5,2,Standard Customers,1,Standard Customers,2,Standard Customers
9817,55,44802.0,Master,Single,1049,27,0,71,8,2,Standard Customers,1,Standard Customers,2,Standard Customers
10870,58,61223.0,Graduation,Married,1341,18,1,46,5,2,Standard Customers,1,Standard Customers,2,Standard Customers
7270,44,56981.0,Graduation,Divorced,1241,19,0,91,6,2,Standard Customers,1,Standard Customers,2,Standard Customers
8235,69,69245.0,Master,Together,843,23,1,8,3,2,Standard Customers,1,Standard Customers,2,Standard Customers
